-- Aegis AI Governance Platform - generated state seed (idempotent; safe to re-apply).
-- Generated 2026-06-12T17:11:43.668387+00:00 by export_state.build_seed_sql().
-- Captures tenants/teams/role-templates/roles+capabilities/values/user-assignments.
-- EXCLUDES secrets (Keycloak credentials) and sub bindings (re-bind on first login).
-- Apply after a fresh `up` + migrations: bash scripts/import-state.sh
BEGIN;
INSERT INTO tenants(tenant_id, display_name, region) VALUES ('tenant-acmecp', 'Acme Corp Research Dept', 'AC1') ON CONFLICT (tenant_id) DO UPDATE SET display_name=EXCLUDED.display_name, region=EXCLUDED.region;
INSERT INTO tenants(tenant_id, display_name, region) VALUES ('tenant-betago', 'Beta Holdings Compliance', 'EU1') ON CONFLICT (tenant_id) DO UPDATE SET display_name=EXCLUDED.display_name, region=EXCLUDED.region;
INSERT INTO tenants(tenant_id, display_name, region) VALUES ('tenant-engcore', 'Core Engineering', 'AC1') ON CONFLICT (tenant_id) DO UPDATE SET display_name=EXCLUDED.display_name, region=EXCLUDED.region;
INSERT INTO tenants(tenant_id, display_name, region) VALUES ('tenant-finsvc', 'Finance Department', 'AC1') ON CONFLICT (tenant_id) DO UPDATE SET display_name=EXCLUDED.display_name, region=EXCLUDED.region;
INSERT INTO tenants(tenant_id, display_name, region) VALUES ('tenant-gammac', 'Gamma Consulting Group', 'AC1') ON CONFLICT (tenant_id) DO UPDATE SET display_name=EXCLUDED.display_name, region=EXCLUDED.region;
INSERT INTO tenants(tenant_id, display_name, region) VALUES ('tenant-hrops', 'HR & People Ops', 'AC1') ON CONFLICT (tenant_id) DO UPDATE SET display_name=EXCLUDED.display_name, region=EXCLUDED.region;
INSERT INTO tenants(tenant_id, display_name, region) VALUES ('tenant-it', 'IT Department', 'AC1') ON CONFLICT (tenant_id) DO UPDATE SET display_name=EXCLUDED.display_name, region=EXCLUDED.region;
INSERT INTO tenants(tenant_id, display_name, region) VALUES ('tenant-legalco', 'Legal & Compliance', 'AC1') ON CONFLICT (tenant_id) DO UPDATE SET display_name=EXCLUDED.display_name, region=EXCLUDED.region;
INSERT INTO tenants(tenant_id, display_name, region) VALUES ('tenant-saleseu', 'EU Sales Division', 'EU1') ON CONFLICT (tenant_id) DO UPDATE SET display_name=EXCLUDED.display_name, region=EXCLUDED.region;
INSERT INTO role_templates(template_id, display_name, capabilities) VALUES ('analyst', 'Analyst', '{"admin_scope": "none", "allowed_model_ids": [], "allowed_model_purposes": ["chat", "embedding"], "allowed_model_regions": ["AC1"], "allowed_providers": [], "allowed_retention_classes": ["standard"], "allowed_runtime_languages": [], "audit_scope": "own", "can_approve": "none", "can_delete_tenant": false, "can_edit_governance": false, "can_erase": false, "can_export": false, "can_impersonate": "none", "can_manage_roles": false, "can_manage_signing_keys": false, "can_manage_teams": false, "can_manage_users": false, "can_register_skills": false, "can_rotate_secrets": false, "can_view_traces": false, "daily_request_quota": 0, "dual_control_actions": [], "egress_domains": ["wikipedia.org", "example.com"], "erase_requires_approval": true, "fallback_mode": "degrade_local", "max_concurrent_requests": 0, "max_export_classification": "internal", "max_input_tokens": 8192, "max_model_risk_tier": "T2", "max_output_tokens": 2048, "max_read_classification": "confidential", "max_retention_class": "standard", "max_summary_words": 200, "max_tool_calls_per_request": 6, "max_write_classification": "internal", "pii_scope": "masked", "rate_limit_per_minute": 0, "readable_namespaces": ["analyst-notes"], "require_local_above_classification": "restricted", "residency_strict": false, "runtime_exec": false, "runtime_max_seconds": 0, "runtime_memory_mb": 0, "runtime_network": "none", "session_max_minutes": 0, "skills": ["assistant", "summarise-with-memory", "research-brief", "qa-over-docs"], "token_budget_per_day": 0, "tools": ["external_lookup", "web_search", "web_fetch", "kb_search", "vector_recall", "doc_search", "calculator", "db_query"], "writable_namespaces": ["analyst-notes"], "write_requires_approval_above": "restricted"}'::jsonb) ON CONFLICT (template_id) DO UPDATE SET display_name=EXCLUDED.display_name, capabilities=EXCLUDED.capabilities;
INSERT INTO role_templates(template_id, display_name, capabilities) VALUES ('lead', 'Lead', '{"admin_scope": "none", "allowed_model_ids": [], "allowed_model_purposes": ["chat", "embedding", "code"], "allowed_model_regions": ["AC1"], "allowed_providers": [], "allowed_retention_classes": ["ephemeral", "standard", "long"], "allowed_runtime_languages": ["python"], "audit_scope": "team", "can_approve": "team", "can_delete_tenant": false, "can_edit_governance": false, "can_erase": false, "can_export": true, "can_impersonate": "none", "can_manage_roles": false, "can_manage_signing_keys": false, "can_manage_teams": false, "can_manage_users": false, "can_register_skills": false, "can_rotate_secrets": false, "can_view_traces": false, "daily_request_quota": 0, "dual_control_actions": [], "egress_domains": ["wikipedia.org", "example.com"], "erase_requires_approval": true, "fallback_mode": "degrade_local", "max_concurrent_requests": 0, "max_export_classification": "internal", "max_input_tokens": 8192, "max_model_risk_tier": "T3", "max_output_tokens": 8192, "max_read_classification": "confidential", "max_retention_class": "long", "max_summary_words": 300, "max_tool_calls_per_request": 8, "max_write_classification": "confidential", "pii_scope": "full", "rate_limit_per_minute": 0, "readable_namespaces": ["analyst-notes", "team-decisions"], "require_local_above_classification": "restricted", "residency_strict": false, "runtime_exec": true, "runtime_max_seconds": 60, "runtime_memory_mb": 512, "runtime_network": "none", "session_max_minutes": 0, "skills": ["assistant", "summarise-with-memory", "research-brief", "qa-over-docs", "meeting-notes"], "token_budget_per_day": 0, "tools": ["external_lookup", "web_search", "web_fetch", "kb_search", "vector_recall", "doc_search", "calculator", "db_query", "code_exec", "email_send", "redact"], "writable_namespaces": ["analyst-notes", "team-decisions"], "write_requires_approval_above": "restricted"}'::jsonb) ON CONFLICT (template_id) DO UPDATE SET display_name=EXCLUDED.display_name, capabilities=EXCLUDED.capabilities;
INSERT INTO role_templates(template_id, display_name, capabilities) VALUES ('platform-admin', 'Platform Admin', '{"admin_scope": "platform", "allowed_model_ids": [], "allowed_model_purposes": ["chat", "embedding", "code", "vision"], "allowed_model_regions": ["AC1"], "allowed_providers": [], "allowed_retention_classes": ["ephemeral", "standard", "long", "legal-hold"], "allowed_runtime_languages": ["python", "bash"], "audit_scope": "all", "can_approve": "platform", "can_delete_tenant": true, "can_edit_governance": true, "can_erase": true, "can_export": true, "can_impersonate": "read", "can_manage_roles": true, "can_manage_signing_keys": true, "can_manage_teams": true, "can_manage_users": true, "can_register_skills": true, "can_rotate_secrets": true, "can_view_traces": true, "daily_request_quota": 0, "dual_control_actions": ["tenant.delete", "secret.rotate"], "egress_domains": ["*"], "erase_requires_approval": true, "fallback_mode": "degrade_local", "max_concurrent_requests": 0, "max_export_classification": "restricted", "max_input_tokens": 8192, "max_model_risk_tier": "T3", "max_output_tokens": 16384, "max_read_classification": "restricted", "max_retention_class": "legal-hold", "max_summary_words": 400, "max_tool_calls_per_request": 16, "max_write_classification": "restricted", "pii_scope": "full", "rate_limit_per_minute": 0, "readable_namespaces": ["analyst-notes", "team-decisions"], "require_local_above_classification": "restricted", "residency_strict": false, "runtime_exec": true, "runtime_max_seconds": 120, "runtime_memory_mb": 1024, "runtime_network": "none", "session_max_minutes": 0, "skills": ["assistant", "summarise-with-memory", "research-brief", "qa-over-docs", "meeting-notes", "access-review", "incident-summary", "audit-digest", "runbook-exec"], "token_budget_per_day": 0, "tools": ["external_lookup", "web_search", "web_fetch", "kb_search", "vector_recall", "doc_search", "calculator", "db_query", "doc_retrieve", "pdf_extract", "redact", "code_exec", "email_send", "ticket_create", "ticket_update", "crm_lookup", "file_export", "webhook_call"], "writable_namespaces": ["analyst-notes", "team-decisions"], "write_requires_approval_above": "restricted"}'::jsonb) ON CONFLICT (template_id) DO UPDATE SET display_name=EXCLUDED.display_name, capabilities=EXCLUDED.capabilities;
INSERT INTO role_templates(template_id, display_name, capabilities) VALUES ('tenant-admin', 'Tenant Admin', '{"admin_scope": "tenant", "allowed_model_ids": [], "allowed_model_purposes": ["chat", "embedding", "code", "vision"], "allowed_model_regions": ["AC1"], "allowed_providers": [], "allowed_retention_classes": ["ephemeral", "standard", "long", "legal-hold"], "allowed_runtime_languages": [], "audit_scope": "tenant", "can_approve": "tenant", "can_delete_tenant": false, "can_edit_governance": true, "can_erase": true, "can_export": true, "can_impersonate": "none", "can_manage_roles": true, "can_manage_signing_keys": false, "can_manage_teams": true, "can_manage_users": true, "can_register_skills": false, "can_rotate_secrets": false, "can_view_traces": false, "daily_request_quota": 0, "dual_control_actions": ["governance.edit"], "egress_domains": [], "erase_requires_approval": true, "fallback_mode": "degrade_local", "max_concurrent_requests": 0, "max_export_classification": "confidential", "max_input_tokens": 8192, "max_model_risk_tier": "T3", "max_output_tokens": 8192, "max_read_classification": "confidential", "max_retention_class": "legal-hold", "max_summary_words": 300, "max_tool_calls_per_request": 4, "max_write_classification": "confidential", "pii_scope": "full", "rate_limit_per_minute": 0, "readable_namespaces": ["analyst-notes", "team-decisions"], "require_local_above_classification": "restricted", "residency_strict": false, "runtime_exec": false, "runtime_max_seconds": 0, "runtime_memory_mb": 0, "runtime_network": "none", "session_max_minutes": 0, "skills": ["assistant", "summarise-with-memory", "research-brief", "qa-over-docs", "meeting-notes", "access-review"], "token_budget_per_day": 0, "tools": ["external_lookup", "web_search", "web_fetch", "kb_search", "vector_recall", "doc_search", "calculator", "db_query", "doc_retrieve", "redact"], "writable_namespaces": ["analyst-notes", "team-decisions"], "write_requires_approval_above": "restricted"}'::jsonb) ON CONFLICT (template_id) DO UPDATE SET display_name=EXCLUDED.display_name, capabilities=EXCLUDED.capabilities;
INSERT INTO role_templates(template_id, display_name, capabilities) VALUES ('viewer', 'Viewer', '{"admin_scope": "none", "allowed_model_ids": [], "allowed_model_purposes": ["chat"], "allowed_model_regions": ["AC1"], "allowed_providers": [], "allowed_retention_classes": ["standard"], "allowed_runtime_languages": [], "audit_scope": "own", "can_approve": "none", "can_delete_tenant": false, "can_edit_governance": false, "can_erase": false, "can_export": false, "can_impersonate": "none", "can_manage_roles": false, "can_manage_signing_keys": false, "can_manage_teams": false, "can_manage_users": false, "can_register_skills": false, "can_rotate_secrets": false, "can_view_traces": false, "daily_request_quota": 0, "dual_control_actions": [], "egress_domains": [], "erase_requires_approval": true, "fallback_mode": "degrade_local", "max_concurrent_requests": 0, "max_export_classification": "internal", "max_input_tokens": 8192, "max_model_risk_tier": "T2", "max_output_tokens": 512, "max_read_classification": "internal", "max_retention_class": "standard", "max_summary_words": 200, "max_tool_calls_per_request": 2, "max_write_classification": "public", "pii_scope": "none", "rate_limit_per_minute": 0, "readable_namespaces": ["analyst-notes"], "require_local_above_classification": "restricted", "residency_strict": false, "runtime_exec": false, "runtime_max_seconds": 0, "runtime_memory_mb": 0, "runtime_network": "none", "session_max_minutes": 0, "skills": ["assistant", "qa-over-docs", "kb-answer"], "token_budget_per_day": 0, "tools": ["kb_search", "vector_recall", "doc_search", "calculator"], "writable_namespaces": [], "write_requires_approval_above": "restricted"}'::jsonb) ON CONFLICT (template_id) DO UPDATE SET display_name=EXCLUDED.display_name, capabilities=EXCLUDED.capabilities;
INSERT INTO teams(tenant_id, team_id, display_name) VALUES ('tenant-acmecp', 'operations', 'Operations') ON CONFLICT (tenant_id, team_id) DO UPDATE SET display_name=EXCLUDED.display_name;
INSERT INTO teams(tenant_id, team_id, display_name) VALUES ('tenant-acmecp', 'research', 'Research') ON CONFLICT (tenant_id, team_id) DO UPDATE SET display_name=EXCLUDED.display_name;
INSERT INTO teams(tenant_id, team_id, display_name) VALUES ('tenant-betago', 'hr', 'Hr') ON CONFLICT (tenant_id, team_id) DO UPDATE SET display_name=EXCLUDED.display_name;
INSERT INTO teams(tenant_id, team_id, display_name) VALUES ('tenant-betago', 'marketing', 'Marketing') ON CONFLICT (tenant_id, team_id) DO UPDATE SET display_name=EXCLUDED.display_name;
INSERT INTO teams(tenant_id, team_id, display_name) VALUES ('tenant-engcore', 'data-science', 'Data-Science') ON CONFLICT (tenant_id, team_id) DO UPDATE SET display_name=EXCLUDED.display_name;
INSERT INTO teams(tenant_id, team_id, display_name) VALUES ('tenant-engcore', 'legal', 'Legal') ON CONFLICT (tenant_id, team_id) DO UPDATE SET display_name=EXCLUDED.display_name;
INSERT INTO teams(tenant_id, team_id, display_name) VALUES ('tenant-engcore', 'operations', 'Operations') ON CONFLICT (tenant_id, team_id) DO UPDATE SET display_name=EXCLUDED.display_name;
INSERT INTO teams(tenant_id, team_id, display_name) VALUES ('tenant-finsvc', 'data-science', 'Data-Science') ON CONFLICT (tenant_id, team_id) DO UPDATE SET display_name=EXCLUDED.display_name;
INSERT INTO teams(tenant_id, team_id, display_name) VALUES ('tenant-finsvc', 'engineering', 'Engineering') ON CONFLICT (tenant_id, team_id) DO UPDATE SET display_name=EXCLUDED.display_name;
INSERT INTO teams(tenant_id, team_id, display_name) VALUES ('tenant-finsvc', 'legal', 'Legal') ON CONFLICT (tenant_id, team_id) DO UPDATE SET display_name=EXCLUDED.display_name;
INSERT INTO teams(tenant_id, team_id, display_name) VALUES ('tenant-gammac', 'finance', 'Finance') ON CONFLICT (tenant_id, team_id) DO UPDATE SET display_name=EXCLUDED.display_name;
INSERT INTO teams(tenant_id, team_id, display_name) VALUES ('tenant-gammac', 'hr', 'Hr') ON CONFLICT (tenant_id, team_id) DO UPDATE SET display_name=EXCLUDED.display_name;
INSERT INTO teams(tenant_id, team_id, display_name) VALUES ('tenant-hrops', 'legal', 'Legal') ON CONFLICT (tenant_id, team_id) DO UPDATE SET display_name=EXCLUDED.display_name;
INSERT INTO teams(tenant_id, team_id, display_name) VALUES ('tenant-hrops', 'ml-platform', 'Ml-Platform') ON CONFLICT (tenant_id, team_id) DO UPDATE SET display_name=EXCLUDED.display_name;
INSERT INTO teams(tenant_id, team_id, display_name) VALUES ('tenant-it', 'infrastructure', 'Infrastructure') ON CONFLICT (tenant_id, team_id) DO UPDATE SET display_name=EXCLUDED.display_name;
INSERT INTO teams(tenant_id, team_id, display_name) VALUES ('tenant-it', 'platform', 'Platform Engineering') ON CONFLICT (tenant_id, team_id) DO UPDATE SET display_name=EXCLUDED.display_name;
INSERT INTO teams(tenant_id, team_id, display_name) VALUES ('tenant-it', 'security', 'Security') ON CONFLICT (tenant_id, team_id) DO UPDATE SET display_name=EXCLUDED.display_name;
INSERT INTO teams(tenant_id, team_id, display_name) VALUES ('tenant-legalco', 'hr', 'Hr') ON CONFLICT (tenant_id, team_id) DO UPDATE SET display_name=EXCLUDED.display_name;
INSERT INTO teams(tenant_id, team_id, display_name) VALUES ('tenant-legalco', 'marketing', 'Marketing') ON CONFLICT (tenant_id, team_id) DO UPDATE SET display_name=EXCLUDED.display_name;
INSERT INTO teams(tenant_id, team_id, display_name) VALUES ('tenant-saleseu', 'engineering', 'Engineering') ON CONFLICT (tenant_id, team_id) DO UPDATE SET display_name=EXCLUDED.display_name;
INSERT INTO teams(tenant_id, team_id, display_name) VALUES ('tenant-saleseu', 'finance', 'Finance') ON CONFLICT (tenant_id, team_id) DO UPDATE SET display_name=EXCLUDED.display_name;
INSERT INTO teams(tenant_id, team_id, display_name) VALUES ('tenant-saleseu', 'research', 'Research') ON CONFLICT (tenant_id, team_id) DO UPDATE SET display_name=EXCLUDED.display_name;
INSERT INTO teams(tenant_id, team_id, display_name) VALUES ('tenant-saleseu', 'sales', 'Sales') ON CONFLICT (tenant_id, team_id) DO UPDATE SET display_name=EXCLUDED.display_name;
INSERT INTO roles(tenant_id, role_id, team_id, template_id, capabilities) VALUES ('tenant-acmecp', 'analyst', 'research', 'analyst', '{"admin_scope": "none", "allowed_model_ids": [], "allowed_model_purposes": ["chat", "embedding"], "allowed_model_regions": ["AC1"], "allowed_providers": [], "allowed_retention_classes": ["standard"], "allowed_runtime_languages": [], "audit_scope": "own", "can_approve": "none", "can_delete_tenant": false, "can_edit_governance": false, "can_erase": false, "can_export": false, "can_impersonate": "none", "can_manage_roles": false, "can_manage_signing_keys": false, "can_manage_teams": false, "can_manage_users": false, "can_register_skills": false, "can_rotate_secrets": false, "can_view_traces": false, "daily_request_quota": 0, "dual_control_actions": [], "egress_domains": ["wikipedia.org", "example.com"], "erase_requires_approval": true, "fallback_mode": "degrade_local", "max_concurrent_requests": 0, "max_export_classification": "internal", "max_input_tokens": 8192, "max_model_risk_tier": "T2", "max_output_tokens": 2048, "max_read_classification": "confidential", "max_retention_class": "standard", "max_summary_words": 200, "max_tool_calls_per_request": 6, "max_write_classification": "internal", "pii_scope": "masked", "rate_limit_per_minute": 0, "readable_namespaces": ["analyst-notes"], "require_local_above_classification": "restricted", "residency_strict": false, "runtime_exec": false, "runtime_max_seconds": 0, "runtime_memory_mb": 0, "runtime_network": "none", "session_max_minutes": 0, "skills": ["assistant", "summarise-with-memory", "research-brief", "qa-over-docs"], "token_budget_per_day": 0, "tools": ["external_lookup", "web_search", "web_fetch", "kb_search", "vector_recall", "doc_search", "calculator", "db_query"], "writable_namespaces": ["analyst-notes"], "write_requires_approval_above": "restricted"}'::jsonb) ON CONFLICT (tenant_id, role_id) DO UPDATE SET team_id=EXCLUDED.team_id, template_id=EXCLUDED.template_id, capabilities=EXCLUDED.capabilities;
INSERT INTO roles(tenant_id, role_id, team_id, template_id, capabilities) VALUES ('tenant-acmecp', 'lead', 'research', 'lead', '{"admin_scope": "none", "allowed_model_ids": [], "allowed_model_purposes": ["chat", "embedding", "code"], "allowed_model_regions": ["AC1"], "allowed_providers": [], "allowed_retention_classes": ["ephemeral", "standard", "long"], "allowed_runtime_languages": ["python"], "audit_scope": "team", "can_approve": "team", "can_delete_tenant": false, "can_edit_governance": false, "can_erase": false, "can_export": true, "can_impersonate": "none", "can_manage_roles": false, "can_manage_signing_keys": false, "can_manage_teams": false, "can_manage_users": false, "can_register_skills": false, "can_rotate_secrets": false, "can_view_traces": false, "daily_request_quota": 0, "dual_control_actions": [], "egress_domains": ["wikipedia.org", "example.com"], "erase_requires_approval": true, "fallback_mode": "degrade_local", "max_concurrent_requests": 0, "max_export_classification": "internal", "max_input_tokens": 8192, "max_model_risk_tier": "T3", "max_output_tokens": 8192, "max_read_classification": "confidential", "max_retention_class": "long", "max_summary_words": 300, "max_tool_calls_per_request": 8, "max_write_classification": "confidential", "pii_scope": "full", "rate_limit_per_minute": 0, "readable_namespaces": ["analyst-notes", "team-decisions"], "require_local_above_classification": "restricted", "residency_strict": false, "runtime_exec": true, "runtime_max_seconds": 60, "runtime_memory_mb": 512, "runtime_network": "none", "session_max_minutes": 0, "skills": ["assistant", "summarise-with-memory", "research-brief", "qa-over-docs", "meeting-notes"], "token_budget_per_day": 0, "tools": ["external_lookup", "web_search", "web_fetch", "kb_search", "vector_recall", "doc_search", "calculator", "db_query", "code_exec", "email_send", "redact"], "writable_namespaces": ["analyst-notes", "team-decisions"], "write_requires_approval_above": "restricted"}'::jsonb) ON CONFLICT (tenant_id, role_id) DO UPDATE SET team_id=EXCLUDED.team_id, template_id=EXCLUDED.template_id, capabilities=EXCLUDED.capabilities;
INSERT INTO roles(tenant_id, role_id, team_id, template_id, capabilities) VALUES ('tenant-acmecp', 'tenant-admin', 'research', 'tenant-admin', '{"admin_scope": "tenant", "allowed_model_ids": [], "allowed_model_purposes": ["chat", "embedding", "code", "vision"], "allowed_model_regions": ["AC1"], "allowed_providers": [], "allowed_retention_classes": ["ephemeral", "standard", "long", "legal-hold"], "allowed_runtime_languages": [], "audit_scope": "tenant", "can_approve": "tenant", "can_delete_tenant": false, "can_edit_governance": true, "can_erase": true, "can_export": true, "can_impersonate": "none", "can_manage_roles": true, "can_manage_signing_keys": false, "can_manage_teams": true, "can_manage_users": true, "can_register_skills": false, "can_rotate_secrets": false, "can_view_traces": false, "daily_request_quota": 0, "dual_control_actions": ["governance.edit"], "egress_domains": [], "erase_requires_approval": true, "fallback_mode": "degrade_local", "max_concurrent_requests": 0, "max_export_classification": "confidential", "max_input_tokens": 8192, "max_model_risk_tier": "T3", "max_output_tokens": 8192, "max_read_classification": "confidential", "max_retention_class": "legal-hold", "max_summary_words": 300, "max_tool_calls_per_request": 4, "max_write_classification": "confidential", "pii_scope": "full", "rate_limit_per_minute": 0, "readable_namespaces": ["analyst-notes", "team-decisions"], "require_local_above_classification": "restricted", "residency_strict": false, "runtime_exec": false, "runtime_max_seconds": 0, "runtime_memory_mb": 0, "runtime_network": "none", "session_max_minutes": 0, "skills": ["assistant", "summarise-with-memory", "research-brief", "qa-over-docs", "meeting-notes", "access-review"], "token_budget_per_day": 0, "tools": ["external_lookup", "web_search", "web_fetch", "kb_search", "vector_recall", "doc_search", "calculator", "db_query", "doc_retrieve", "redact"], "writable_namespaces": ["analyst-notes", "team-decisions"], "write_requires_approval_above": "restricted"}'::jsonb) ON CONFLICT (tenant_id, role_id) DO UPDATE SET team_id=EXCLUDED.team_id, template_id=EXCLUDED.template_id, capabilities=EXCLUDED.capabilities;
INSERT INTO roles(tenant_id, role_id, team_id, template_id, capabilities) VALUES ('tenant-acmecp', 'viewer', 'research', 'viewer', '{"admin_scope": "none", "allowed_model_ids": [], "allowed_model_purposes": ["chat"], "allowed_model_regions": ["AC1"], "allowed_providers": [], "allowed_retention_classes": ["standard"], "allowed_runtime_languages": [], "audit_scope": "own", "can_approve": "none", "can_delete_tenant": false, "can_edit_governance": false, "can_erase": false, "can_export": false, "can_impersonate": "none", "can_manage_roles": false, "can_manage_signing_keys": false, "can_manage_teams": false, "can_manage_users": false, "can_register_skills": false, "can_rotate_secrets": false, "can_view_traces": false, "daily_request_quota": 0, "dual_control_actions": [], "egress_domains": [], "erase_requires_approval": true, "fallback_mode": "degrade_local", "max_concurrent_requests": 0, "max_export_classification": "internal", "max_input_tokens": 8192, "max_model_risk_tier": "T2", "max_output_tokens": 512, "max_read_classification": "internal", "max_retention_class": "standard", "max_summary_words": 200, "max_tool_calls_per_request": 2, "max_write_classification": "public", "pii_scope": "none", "rate_limit_per_minute": 0, "readable_namespaces": ["analyst-notes"], "require_local_above_classification": "restricted", "residency_strict": false, "runtime_exec": false, "runtime_max_seconds": 0, "runtime_memory_mb": 0, "runtime_network": "none", "session_max_minutes": 0, "skills": ["assistant", "qa-over-docs", "kb-answer"], "token_budget_per_day": 0, "tools": ["kb_search", "vector_recall", "doc_search", "calculator"], "writable_namespaces": [], "write_requires_approval_above": "restricted"}'::jsonb) ON CONFLICT (tenant_id, role_id) DO UPDATE SET team_id=EXCLUDED.team_id, template_id=EXCLUDED.template_id, capabilities=EXCLUDED.capabilities;
INSERT INTO roles(tenant_id, role_id, team_id, template_id, capabilities) VALUES ('tenant-betago', 'analyst', 'hr', 'analyst', '{"admin_scope": "none", "allowed_model_ids": [], "allowed_model_purposes": ["chat", "embedding"], "allowed_model_regions": ["AC1"], "allowed_providers": [], "allowed_retention_classes": ["standard"], "allowed_runtime_languages": [], "audit_scope": "own", "can_approve": "none", "can_delete_tenant": false, "can_edit_governance": false, "can_erase": false, "can_export": false, "can_impersonate": "none", "can_manage_roles": false, "can_manage_signing_keys": false, "can_manage_teams": false, "can_manage_users": false, "can_register_skills": false, "can_rotate_secrets": false, "can_view_traces": false, "daily_request_quota": 0, "dual_control_actions": [], "egress_domains": ["wikipedia.org", "example.com"], "erase_requires_approval": true, "fallback_mode": "degrade_local", "max_concurrent_requests": 0, "max_export_classification": "internal", "max_input_tokens": 8192, "max_model_risk_tier": "T2", "max_output_tokens": 2048, "max_read_classification": "confidential", "max_retention_class": "standard", "max_summary_words": 200, "max_tool_calls_per_request": 6, "max_write_classification": "internal", "pii_scope": "masked", "rate_limit_per_minute": 0, "readable_namespaces": ["analyst-notes"], "require_local_above_classification": "restricted", "residency_strict": false, "runtime_exec": false, "runtime_max_seconds": 0, "runtime_memory_mb": 0, "runtime_network": "none", "session_max_minutes": 0, "skills": ["assistant", "summarise-with-memory", "research-brief", "qa-over-docs"], "token_budget_per_day": 0, "tools": ["external_lookup", "web_search", "web_fetch", "kb_search", "vector_recall", "doc_search", "calculator", "db_query"], "writable_namespaces": ["analyst-notes"], "write_requires_approval_above": "restricted"}'::jsonb) ON CONFLICT (tenant_id, role_id) DO UPDATE SET team_id=EXCLUDED.team_id, template_id=EXCLUDED.template_id, capabilities=EXCLUDED.capabilities;
INSERT INTO roles(tenant_id, role_id, team_id, template_id, capabilities) VALUES ('tenant-betago', 'lead', 'hr', 'lead', '{"admin_scope": "none", "allowed_model_ids": [], "allowed_model_purposes": ["chat", "embedding", "code"], "allowed_model_regions": ["AC1"], "allowed_providers": [], "allowed_retention_classes": ["ephemeral", "standard", "long"], "allowed_runtime_languages": ["python"], "audit_scope": "team", "can_approve": "team", "can_delete_tenant": false, "can_edit_governance": false, "can_erase": false, "can_export": true, "can_impersonate": "none", "can_manage_roles": false, "can_manage_signing_keys": false, "can_manage_teams": false, "can_manage_users": false, "can_register_skills": false, "can_rotate_secrets": false, "can_view_traces": false, "daily_request_quota": 0, "dual_control_actions": [], "egress_domains": ["wikipedia.org", "example.com"], "erase_requires_approval": true, "fallback_mode": "degrade_local", "max_concurrent_requests": 0, "max_export_classification": "internal", "max_input_tokens": 8192, "max_model_risk_tier": "T3", "max_output_tokens": 8192, "max_read_classification": "confidential", "max_retention_class": "long", "max_summary_words": 300, "max_tool_calls_per_request": 8, "max_write_classification": "confidential", "pii_scope": "full", "rate_limit_per_minute": 0, "readable_namespaces": ["analyst-notes", "team-decisions"], "require_local_above_classification": "restricted", "residency_strict": false, "runtime_exec": true, "runtime_max_seconds": 60, "runtime_memory_mb": 512, "runtime_network": "none", "session_max_minutes": 0, "skills": ["assistant", "summarise-with-memory", "research-brief", "qa-over-docs", "meeting-notes"], "token_budget_per_day": 0, "tools": ["external_lookup", "web_search", "web_fetch", "kb_search", "vector_recall", "doc_search", "calculator", "db_query", "code_exec", "email_send", "redact"], "writable_namespaces": ["analyst-notes", "team-decisions"], "write_requires_approval_above": "restricted"}'::jsonb) ON CONFLICT (tenant_id, role_id) DO UPDATE SET team_id=EXCLUDED.team_id, template_id=EXCLUDED.template_id, capabilities=EXCLUDED.capabilities;
INSERT INTO roles(tenant_id, role_id, team_id, template_id, capabilities) VALUES ('tenant-betago', 'tenant-admin', 'hr', 'tenant-admin', '{"admin_scope": "tenant", "allowed_model_ids": [], "allowed_model_purposes": ["chat", "embedding", "code", "vision"], "allowed_model_regions": ["AC1"], "allowed_providers": [], "allowed_retention_classes": ["ephemeral", "standard", "long", "legal-hold"], "allowed_runtime_languages": [], "audit_scope": "tenant", "can_approve": "tenant", "can_delete_tenant": false, "can_edit_governance": true, "can_erase": true, "can_export": true, "can_impersonate": "none", "can_manage_roles": true, "can_manage_signing_keys": false, "can_manage_teams": true, "can_manage_users": true, "can_register_skills": false, "can_rotate_secrets": false, "can_view_traces": false, "daily_request_quota": 0, "dual_control_actions": ["governance.edit"], "egress_domains": [], "erase_requires_approval": true, "fallback_mode": "degrade_local", "max_concurrent_requests": 0, "max_export_classification": "confidential", "max_input_tokens": 8192, "max_model_risk_tier": "T3", "max_output_tokens": 8192, "max_read_classification": "confidential", "max_retention_class": "legal-hold", "max_summary_words": 300, "max_tool_calls_per_request": 4, "max_write_classification": "confidential", "pii_scope": "full", "rate_limit_per_minute": 0, "readable_namespaces": ["analyst-notes", "team-decisions"], "require_local_above_classification": "restricted", "residency_strict": false, "runtime_exec": false, "runtime_max_seconds": 0, "runtime_memory_mb": 0, "runtime_network": "none", "session_max_minutes": 0, "skills": ["assistant", "summarise-with-memory", "research-brief", "qa-over-docs", "meeting-notes", "access-review"], "token_budget_per_day": 0, "tools": ["external_lookup", "web_search", "web_fetch", "kb_search", "vector_recall", "doc_search", "calculator", "db_query", "doc_retrieve", "redact"], "writable_namespaces": ["analyst-notes", "team-decisions"], "write_requires_approval_above": "restricted"}'::jsonb) ON CONFLICT (tenant_id, role_id) DO UPDATE SET team_id=EXCLUDED.team_id, template_id=EXCLUDED.template_id, capabilities=EXCLUDED.capabilities;
INSERT INTO roles(tenant_id, role_id, team_id, template_id, capabilities) VALUES ('tenant-betago', 'viewer', 'hr', 'viewer', '{"admin_scope": "none", "allowed_model_ids": [], "allowed_model_purposes": ["chat"], "allowed_model_regions": ["AC1"], "allowed_providers": [], "allowed_retention_classes": ["standard"], "allowed_runtime_languages": [], "audit_scope": "own", "can_approve": "none", "can_delete_tenant": false, "can_edit_governance": false, "can_erase": false, "can_export": false, "can_impersonate": "none", "can_manage_roles": false, "can_manage_signing_keys": false, "can_manage_teams": false, "can_manage_users": false, "can_register_skills": false, "can_rotate_secrets": false, "can_view_traces": false, "daily_request_quota": 0, "dual_control_actions": [], "egress_domains": [], "erase_requires_approval": true, "fallback_mode": "degrade_local", "max_concurrent_requests": 0, "max_export_classification": "internal", "max_input_tokens": 8192, "max_model_risk_tier": "T2", "max_output_tokens": 512, "max_read_classification": "internal", "max_retention_class": "standard", "max_summary_words": 200, "max_tool_calls_per_request": 2, "max_write_classification": "public", "pii_scope": "none", "rate_limit_per_minute": 0, "readable_namespaces": ["analyst-notes"], "require_local_above_classification": "restricted", "residency_strict": false, "runtime_exec": false, "runtime_max_seconds": 0, "runtime_memory_mb": 0, "runtime_network": "none", "session_max_minutes": 0, "skills": ["assistant", "qa-over-docs", "kb-answer"], "token_budget_per_day": 0, "tools": ["kb_search", "vector_recall", "doc_search", "calculator"], "writable_namespaces": [], "write_requires_approval_above": "restricted"}'::jsonb) ON CONFLICT (tenant_id, role_id) DO UPDATE SET team_id=EXCLUDED.team_id, template_id=EXCLUDED.template_id, capabilities=EXCLUDED.capabilities;
INSERT INTO roles(tenant_id, role_id, team_id, template_id, capabilities) VALUES ('tenant-engcore', 'analyst', 'operations', 'analyst', '{"admin_scope": "none", "allowed_model_ids": [], "allowed_model_purposes": ["chat", "embedding"], "allowed_model_regions": ["AC1"], "allowed_providers": [], "allowed_retention_classes": ["standard"], "allowed_runtime_languages": [], "audit_scope": "own", "can_approve": "none", "can_delete_tenant": false, "can_edit_governance": false, "can_erase": false, "can_export": false, "can_impersonate": "none", "can_manage_roles": false, "can_manage_signing_keys": false, "can_manage_teams": false, "can_manage_users": false, "can_register_skills": false, "can_rotate_secrets": false, "can_view_traces": false, "daily_request_quota": 0, "dual_control_actions": [], "egress_domains": ["wikipedia.org", "example.com"], "erase_requires_approval": true, "fallback_mode": "degrade_local", "max_concurrent_requests": 0, "max_export_classification": "internal", "max_input_tokens": 8192, "max_model_risk_tier": "T2", "max_output_tokens": 2048, "max_read_classification": "confidential", "max_retention_class": "standard", "max_summary_words": 200, "max_tool_calls_per_request": 6, "max_write_classification": "internal", "pii_scope": "masked", "rate_limit_per_minute": 0, "readable_namespaces": ["analyst-notes"], "require_local_above_classification": "restricted", "residency_strict": false, "runtime_exec": false, "runtime_max_seconds": 0, "runtime_memory_mb": 0, "runtime_network": "none", "session_max_minutes": 0, "skills": ["assistant", "summarise-with-memory", "research-brief", "qa-over-docs"], "token_budget_per_day": 0, "tools": ["external_lookup", "web_search", "web_fetch", "kb_search", "vector_recall", "doc_search", "calculator", "db_query"], "writable_namespaces": ["analyst-notes"], "write_requires_approval_above": "restricted"}'::jsonb) ON CONFLICT (tenant_id, role_id) DO UPDATE SET team_id=EXCLUDED.team_id, template_id=EXCLUDED.template_id, capabilities=EXCLUDED.capabilities;
INSERT INTO roles(tenant_id, role_id, team_id, template_id, capabilities) VALUES ('tenant-engcore', 'lead', 'operations', 'lead', '{"admin_scope": "none", "allowed_model_ids": [], "allowed_model_purposes": ["chat", "embedding", "code"], "allowed_model_regions": ["AC1"], "allowed_providers": [], "allowed_retention_classes": ["ephemeral", "standard", "long"], "allowed_runtime_languages": ["python"], "audit_scope": "team", "can_approve": "team", "can_delete_tenant": false, "can_edit_governance": false, "can_erase": false, "can_export": true, "can_impersonate": "none", "can_manage_roles": false, "can_manage_signing_keys": false, "can_manage_teams": false, "can_manage_users": false, "can_register_skills": false, "can_rotate_secrets": false, "can_view_traces": false, "daily_request_quota": 0, "dual_control_actions": [], "egress_domains": ["wikipedia.org", "example.com"], "erase_requires_approval": true, "fallback_mode": "degrade_local", "max_concurrent_requests": 0, "max_export_classification": "internal", "max_input_tokens": 8192, "max_model_risk_tier": "T3", "max_output_tokens": 8192, "max_read_classification": "confidential", "max_retention_class": "long", "max_summary_words": 300, "max_tool_calls_per_request": 8, "max_write_classification": "confidential", "pii_scope": "full", "rate_limit_per_minute": 0, "readable_namespaces": ["analyst-notes", "team-decisions"], "require_local_above_classification": "restricted", "residency_strict": false, "runtime_exec": true, "runtime_max_seconds": 60, "runtime_memory_mb": 512, "runtime_network": "none", "session_max_minutes": 0, "skills": ["assistant", "summarise-with-memory", "research-brief", "qa-over-docs", "meeting-notes"], "token_budget_per_day": 0, "tools": ["external_lookup", "web_search", "web_fetch", "kb_search", "vector_recall", "doc_search", "calculator", "db_query", "code_exec", "email_send", "redact"], "writable_namespaces": ["analyst-notes", "team-decisions"], "write_requires_approval_above": "restricted"}'::jsonb) ON CONFLICT (tenant_id, role_id) DO UPDATE SET team_id=EXCLUDED.team_id, template_id=EXCLUDED.template_id, capabilities=EXCLUDED.capabilities;
INSERT INTO roles(tenant_id, role_id, team_id, template_id, capabilities) VALUES ('tenant-engcore', 'tenant-admin', 'operations', 'tenant-admin', '{"admin_scope": "tenant", "allowed_model_ids": [], "allowed_model_purposes": ["chat", "embedding", "code", "vision"], "allowed_model_regions": ["AC1"], "allowed_providers": [], "allowed_retention_classes": ["ephemeral", "standard", "long", "legal-hold"], "allowed_runtime_languages": [], "audit_scope": "tenant", "can_approve": "tenant", "can_delete_tenant": false, "can_edit_governance": true, "can_erase": true, "can_export": true, "can_impersonate": "none", "can_manage_roles": true, "can_manage_signing_keys": false, "can_manage_teams": true, "can_manage_users": true, "can_register_skills": false, "can_rotate_secrets": false, "can_view_traces": false, "daily_request_quota": 0, "dual_control_actions": ["governance.edit"], "egress_domains": [], "erase_requires_approval": true, "fallback_mode": "degrade_local", "max_concurrent_requests": 0, "max_export_classification": "confidential", "max_input_tokens": 8192, "max_model_risk_tier": "T3", "max_output_tokens": 8192, "max_read_classification": "confidential", "max_retention_class": "legal-hold", "max_summary_words": 300, "max_tool_calls_per_request": 4, "max_write_classification": "confidential", "pii_scope": "full", "rate_limit_per_minute": 0, "readable_namespaces": ["analyst-notes", "team-decisions"], "require_local_above_classification": "restricted", "residency_strict": false, "runtime_exec": false, "runtime_max_seconds": 0, "runtime_memory_mb": 0, "runtime_network": "none", "session_max_minutes": 0, "skills": ["assistant", "summarise-with-memory", "research-brief", "qa-over-docs", "meeting-notes", "access-review"], "token_budget_per_day": 0, "tools": ["external_lookup", "web_search", "web_fetch", "kb_search", "vector_recall", "doc_search", "calculator", "db_query", "doc_retrieve", "redact"], "writable_namespaces": ["analyst-notes", "team-decisions"], "write_requires_approval_above": "restricted"}'::jsonb) ON CONFLICT (tenant_id, role_id) DO UPDATE SET team_id=EXCLUDED.team_id, template_id=EXCLUDED.template_id, capabilities=EXCLUDED.capabilities;
INSERT INTO roles(tenant_id, role_id, team_id, template_id, capabilities) VALUES ('tenant-engcore', 'viewer', 'operations', 'viewer', '{"admin_scope": "none", "allowed_model_ids": [], "allowed_model_purposes": ["chat"], "allowed_model_regions": ["AC1"], "allowed_providers": [], "allowed_retention_classes": ["standard"], "allowed_runtime_languages": [], "audit_scope": "own", "can_approve": "none", "can_delete_tenant": false, "can_edit_governance": false, "can_erase": false, "can_export": false, "can_impersonate": "none", "can_manage_roles": false, "can_manage_signing_keys": false, "can_manage_teams": false, "can_manage_users": false, "can_register_skills": false, "can_rotate_secrets": false, "can_view_traces": false, "daily_request_quota": 0, "dual_control_actions": [], "egress_domains": [], "erase_requires_approval": true, "fallback_mode": "degrade_local", "max_concurrent_requests": 0, "max_export_classification": "internal", "max_input_tokens": 8192, "max_model_risk_tier": "T2", "max_output_tokens": 512, "max_read_classification": "internal", "max_retention_class": "standard", "max_summary_words": 200, "max_tool_calls_per_request": 2, "max_write_classification": "public", "pii_scope": "none", "rate_limit_per_minute": 0, "readable_namespaces": ["analyst-notes"], "require_local_above_classification": "restricted", "residency_strict": false, "runtime_exec": false, "runtime_max_seconds": 0, "runtime_memory_mb": 0, "runtime_network": "none", "session_max_minutes": 0, "skills": ["assistant", "qa-over-docs", "kb-answer"], "token_budget_per_day": 0, "tools": ["kb_search", "vector_recall", "doc_search", "calculator"], "writable_namespaces": [], "write_requires_approval_above": "restricted"}'::jsonb) ON CONFLICT (tenant_id, role_id) DO UPDATE SET team_id=EXCLUDED.team_id, template_id=EXCLUDED.template_id, capabilities=EXCLUDED.capabilities;
INSERT INTO roles(tenant_id, role_id, team_id, template_id, capabilities) VALUES ('tenant-finsvc', 'analyst', 'legal', 'analyst', '{"admin_scope": "none", "allowed_model_ids": [], "allowed_model_purposes": ["chat", "embedding"], "allowed_model_regions": ["AC1"], "allowed_providers": [], "allowed_retention_classes": ["standard"], "allowed_runtime_languages": [], "audit_scope": "own", "can_approve": "none", "can_delete_tenant": false, "can_edit_governance": false, "can_erase": false, "can_export": false, "can_impersonate": "none", "can_manage_roles": false, "can_manage_signing_keys": false, "can_manage_teams": false, "can_manage_users": false, "can_register_skills": false, "can_rotate_secrets": false, "can_view_traces": false, "daily_request_quota": 0, "dual_control_actions": [], "egress_domains": ["wikipedia.org", "example.com"], "erase_requires_approval": true, "fallback_mode": "degrade_local", "max_concurrent_requests": 0, "max_export_classification": "internal", "max_input_tokens": 8192, "max_model_risk_tier": "T2", "max_output_tokens": 2048, "max_read_classification": "confidential", "max_retention_class": "standard", "max_summary_words": 200, "max_tool_calls_per_request": 6, "max_write_classification": "internal", "pii_scope": "masked", "rate_limit_per_minute": 0, "readable_namespaces": ["analyst-notes"], "require_local_above_classification": "restricted", "residency_strict": false, "runtime_exec": false, "runtime_max_seconds": 0, "runtime_memory_mb": 0, "runtime_network": "none", "session_max_minutes": 0, "skills": ["assistant", "summarise-with-memory", "research-brief", "qa-over-docs"], "token_budget_per_day": 0, "tools": ["external_lookup", "web_search", "web_fetch", "kb_search", "vector_recall", "doc_search", "calculator", "db_query"], "writable_namespaces": ["analyst-notes"], "write_requires_approval_above": "restricted"}'::jsonb) ON CONFLICT (tenant_id, role_id) DO UPDATE SET team_id=EXCLUDED.team_id, template_id=EXCLUDED.template_id, capabilities=EXCLUDED.capabilities;
INSERT INTO roles(tenant_id, role_id, team_id, template_id, capabilities) VALUES ('tenant-finsvc', 'lead', 'legal', 'lead', '{"admin_scope": "none", "allowed_model_ids": [], "allowed_model_purposes": ["chat", "embedding", "code"], "allowed_model_regions": ["AC1"], "allowed_providers": [], "allowed_retention_classes": ["ephemeral", "standard", "long"], "allowed_runtime_languages": ["python"], "audit_scope": "team", "can_approve": "team", "can_delete_tenant": false, "can_edit_governance": false, "can_erase": false, "can_export": true, "can_impersonate": "none", "can_manage_roles": false, "can_manage_signing_keys": false, "can_manage_teams": false, "can_manage_users": false, "can_register_skills": false, "can_rotate_secrets": false, "can_view_traces": false, "daily_request_quota": 0, "dual_control_actions": [], "egress_domains": ["wikipedia.org", "example.com"], "erase_requires_approval": true, "fallback_mode": "degrade_local", "max_concurrent_requests": 0, "max_export_classification": "internal", "max_input_tokens": 8192, "max_model_risk_tier": "T3", "max_output_tokens": 8192, "max_read_classification": "confidential", "max_retention_class": "long", "max_summary_words": 300, "max_tool_calls_per_request": 8, "max_write_classification": "confidential", "pii_scope": "full", "rate_limit_per_minute": 0, "readable_namespaces": ["analyst-notes", "team-decisions"], "require_local_above_classification": "restricted", "residency_strict": false, "runtime_exec": true, "runtime_max_seconds": 60, "runtime_memory_mb": 512, "runtime_network": "none", "session_max_minutes": 0, "skills": ["assistant", "summarise-with-memory", "research-brief", "qa-over-docs", "meeting-notes"], "token_budget_per_day": 0, "tools": ["external_lookup", "web_search", "web_fetch", "kb_search", "vector_recall", "doc_search", "calculator", "db_query", "code_exec", "email_send", "redact"], "writable_namespaces": ["analyst-notes", "team-decisions"], "write_requires_approval_above": "restricted"}'::jsonb) ON CONFLICT (tenant_id, role_id) DO UPDATE SET team_id=EXCLUDED.team_id, template_id=EXCLUDED.template_id, capabilities=EXCLUDED.capabilities;
INSERT INTO roles(tenant_id, role_id, team_id, template_id, capabilities) VALUES ('tenant-finsvc', 'tenant-admin', 'legal', 'tenant-admin', '{"admin_scope": "tenant", "allowed_model_ids": [], "allowed_model_purposes": ["chat", "embedding", "code", "vision"], "allowed_model_regions": ["AC1"], "allowed_providers": [], "allowed_retention_classes": ["ephemeral", "standard", "long", "legal-hold"], "allowed_runtime_languages": [], "audit_scope": "tenant", "can_approve": "tenant", "can_delete_tenant": false, "can_edit_governance": true, "can_erase": true, "can_export": true, "can_impersonate": "none", "can_manage_roles": true, "can_manage_signing_keys": false, "can_manage_teams": true, "can_manage_users": true, "can_register_skills": false, "can_rotate_secrets": false, "can_view_traces": false, "daily_request_quota": 0, "dual_control_actions": ["governance.edit"], "egress_domains": [], "erase_requires_approval": true, "fallback_mode": "degrade_local", "max_concurrent_requests": 0, "max_export_classification": "confidential", "max_input_tokens": 8192, "max_model_risk_tier": "T3", "max_output_tokens": 8192, "max_read_classification": "confidential", "max_retention_class": "legal-hold", "max_summary_words": 300, "max_tool_calls_per_request": 4, "max_write_classification": "confidential", "pii_scope": "full", "rate_limit_per_minute": 0, "readable_namespaces": ["analyst-notes", "team-decisions"], "require_local_above_classification": "restricted", "residency_strict": false, "runtime_exec": false, "runtime_max_seconds": 0, "runtime_memory_mb": 0, "runtime_network": "none", "session_max_minutes": 0, "skills": ["assistant", "summarise-with-memory", "research-brief", "qa-over-docs", "meeting-notes", "access-review"], "token_budget_per_day": 0, "tools": ["external_lookup", "web_search", "web_fetch", "kb_search", "vector_recall", "doc_search", "calculator", "db_query", "doc_retrieve", "redact"], "writable_namespaces": ["analyst-notes", "team-decisions"], "write_requires_approval_above": "restricted"}'::jsonb) ON CONFLICT (tenant_id, role_id) DO UPDATE SET team_id=EXCLUDED.team_id, template_id=EXCLUDED.template_id, capabilities=EXCLUDED.capabilities;
INSERT INTO roles(tenant_id, role_id, team_id, template_id, capabilities) VALUES ('tenant-finsvc', 'viewer', 'legal', 'viewer', '{"admin_scope": "none", "allowed_model_ids": [], "allowed_model_purposes": ["chat"], "allowed_model_regions": ["AC1"], "allowed_providers": [], "allowed_retention_classes": ["standard"], "allowed_runtime_languages": [], "audit_scope": "own", "can_approve": "none", "can_delete_tenant": false, "can_edit_governance": false, "can_erase": false, "can_export": false, "can_impersonate": "none", "can_manage_roles": false, "can_manage_signing_keys": false, "can_manage_teams": false, "can_manage_users": false, "can_register_skills": false, "can_rotate_secrets": false, "can_view_traces": false, "daily_request_quota": 0, "dual_control_actions": [], "egress_domains": [], "erase_requires_approval": true, "fallback_mode": "degrade_local", "max_concurrent_requests": 0, "max_export_classification": "internal", "max_input_tokens": 8192, "max_model_risk_tier": "T2", "max_output_tokens": 512, "max_read_classification": "internal", "max_retention_class": "standard", "max_summary_words": 200, "max_tool_calls_per_request": 2, "max_write_classification": "public", "pii_scope": "none", "rate_limit_per_minute": 0, "readable_namespaces": ["analyst-notes"], "require_local_above_classification": "restricted", "residency_strict": false, "runtime_exec": false, "runtime_max_seconds": 0, "runtime_memory_mb": 0, "runtime_network": "none", "session_max_minutes": 0, "skills": ["assistant", "qa-over-docs", "kb-answer"], "token_budget_per_day": 0, "tools": ["kb_search", "vector_recall", "doc_search", "calculator"], "writable_namespaces": [], "write_requires_approval_above": "restricted"}'::jsonb) ON CONFLICT (tenant_id, role_id) DO UPDATE SET team_id=EXCLUDED.team_id, template_id=EXCLUDED.template_id, capabilities=EXCLUDED.capabilities;
INSERT INTO roles(tenant_id, role_id, team_id, template_id, capabilities) VALUES ('tenant-gammac', 'analyst', 'finance', 'analyst', '{"admin_scope": "none", "allowed_model_ids": [], "allowed_model_purposes": ["chat", "embedding"], "allowed_model_regions": ["AC1"], "allowed_providers": [], "allowed_retention_classes": ["standard"], "allowed_runtime_languages": [], "audit_scope": "own", "can_approve": "none", "can_delete_tenant": false, "can_edit_governance": false, "can_erase": false, "can_export": false, "can_impersonate": "none", "can_manage_roles": false, "can_manage_signing_keys": false, "can_manage_teams": false, "can_manage_users": false, "can_register_skills": false, "can_rotate_secrets": false, "can_view_traces": false, "daily_request_quota": 0, "dual_control_actions": [], "egress_domains": ["wikipedia.org", "example.com"], "erase_requires_approval": true, "fallback_mode": "degrade_local", "max_concurrent_requests": 0, "max_export_classification": "internal", "max_input_tokens": 8192, "max_model_risk_tier": "T2", "max_output_tokens": 2048, "max_read_classification": "confidential", "max_retention_class": "standard", "max_summary_words": 200, "max_tool_calls_per_request": 6, "max_write_classification": "internal", "pii_scope": "masked", "rate_limit_per_minute": 0, "readable_namespaces": ["analyst-notes"], "require_local_above_classification": "restricted", "residency_strict": false, "runtime_exec": false, "runtime_max_seconds": 0, "runtime_memory_mb": 0, "runtime_network": "none", "session_max_minutes": 0, "skills": ["assistant", "summarise-with-memory", "research-brief", "qa-over-docs"], "token_budget_per_day": 0, "tools": ["external_lookup", "web_search", "web_fetch", "kb_search", "vector_recall", "doc_search", "calculator", "db_query"], "writable_namespaces": ["analyst-notes"], "write_requires_approval_above": "restricted"}'::jsonb) ON CONFLICT (tenant_id, role_id) DO UPDATE SET team_id=EXCLUDED.team_id, template_id=EXCLUDED.template_id, capabilities=EXCLUDED.capabilities;
INSERT INTO roles(tenant_id, role_id, team_id, template_id, capabilities) VALUES ('tenant-gammac', 'lead', 'finance', 'lead', '{"admin_scope": "none", "allowed_model_ids": [], "allowed_model_purposes": ["chat", "embedding", "code"], "allowed_model_regions": ["AC1"], "allowed_providers": [], "allowed_retention_classes": ["ephemeral", "standard", "long"], "allowed_runtime_languages": ["python"], "audit_scope": "team", "can_approve": "team", "can_delete_tenant": false, "can_edit_governance": false, "can_erase": false, "can_export": true, "can_impersonate": "none", "can_manage_roles": false, "can_manage_signing_keys": false, "can_manage_teams": false, "can_manage_users": false, "can_register_skills": false, "can_rotate_secrets": false, "can_view_traces": false, "daily_request_quota": 0, "dual_control_actions": [], "egress_domains": ["wikipedia.org", "example.com"], "erase_requires_approval": true, "fallback_mode": "degrade_local", "max_concurrent_requests": 0, "max_export_classification": "internal", "max_input_tokens": 8192, "max_model_risk_tier": "T3", "max_output_tokens": 8192, "max_read_classification": "confidential", "max_retention_class": "long", "max_summary_words": 300, "max_tool_calls_per_request": 8, "max_write_classification": "confidential", "pii_scope": "full", "rate_limit_per_minute": 0, "readable_namespaces": ["analyst-notes", "team-decisions"], "require_local_above_classification": "restricted", "residency_strict": false, "runtime_exec": true, "runtime_max_seconds": 60, "runtime_memory_mb": 512, "runtime_network": "none", "session_max_minutes": 0, "skills": ["assistant", "summarise-with-memory", "research-brief", "qa-over-docs", "meeting-notes"], "token_budget_per_day": 0, "tools": ["external_lookup", "web_search", "web_fetch", "kb_search", "vector_recall", "doc_search", "calculator", "db_query", "code_exec", "email_send", "redact"], "writable_namespaces": ["analyst-notes", "team-decisions"], "write_requires_approval_above": "restricted"}'::jsonb) ON CONFLICT (tenant_id, role_id) DO UPDATE SET team_id=EXCLUDED.team_id, template_id=EXCLUDED.template_id, capabilities=EXCLUDED.capabilities;
INSERT INTO roles(tenant_id, role_id, team_id, template_id, capabilities) VALUES ('tenant-gammac', 'tenant-admin', 'finance', 'tenant-admin', '{"admin_scope": "tenant", "allowed_model_ids": [], "allowed_model_purposes": ["chat", "embedding", "code", "vision"], "allowed_model_regions": ["AC1"], "allowed_providers": [], "allowed_retention_classes": ["ephemeral", "standard", "long", "legal-hold"], "allowed_runtime_languages": [], "audit_scope": "tenant", "can_approve": "tenant", "can_delete_tenant": false, "can_edit_governance": true, "can_erase": true, "can_export": true, "can_impersonate": "none", "can_manage_roles": true, "can_manage_signing_keys": false, "can_manage_teams": true, "can_manage_users": true, "can_register_skills": false, "can_rotate_secrets": false, "can_view_traces": false, "daily_request_quota": 0, "dual_control_actions": ["governance.edit"], "egress_domains": [], "erase_requires_approval": true, "fallback_mode": "degrade_local", "max_concurrent_requests": 0, "max_export_classification": "confidential", "max_input_tokens": 8192, "max_model_risk_tier": "T3", "max_output_tokens": 8192, "max_read_classification": "confidential", "max_retention_class": "legal-hold", "max_summary_words": 300, "max_tool_calls_per_request": 4, "max_write_classification": "confidential", "pii_scope": "full", "rate_limit_per_minute": 0, "readable_namespaces": ["analyst-notes", "team-decisions"], "require_local_above_classification": "restricted", "residency_strict": false, "runtime_exec": false, "runtime_max_seconds": 0, "runtime_memory_mb": 0, "runtime_network": "none", "session_max_minutes": 0, "skills": ["assistant", "summarise-with-memory", "research-brief", "qa-over-docs", "meeting-notes", "access-review"], "token_budget_per_day": 0, "tools": ["external_lookup", "web_search", "web_fetch", "kb_search", "vector_recall", "doc_search", "calculator", "db_query", "doc_retrieve", "redact"], "writable_namespaces": ["analyst-notes", "team-decisions"], "write_requires_approval_above": "restricted"}'::jsonb) ON CONFLICT (tenant_id, role_id) DO UPDATE SET team_id=EXCLUDED.team_id, template_id=EXCLUDED.template_id, capabilities=EXCLUDED.capabilities;
INSERT INTO roles(tenant_id, role_id, team_id, template_id, capabilities) VALUES ('tenant-gammac', 'viewer', 'finance', 'viewer', '{"admin_scope": "none", "allowed_model_ids": [], "allowed_model_purposes": ["chat"], "allowed_model_regions": ["AC1"], "allowed_providers": [], "allowed_retention_classes": ["standard"], "allowed_runtime_languages": [], "audit_scope": "own", "can_approve": "none", "can_delete_tenant": false, "can_edit_governance": false, "can_erase": false, "can_export": false, "can_impersonate": "none", "can_manage_roles": false, "can_manage_signing_keys": false, "can_manage_teams": false, "can_manage_users": false, "can_register_skills": false, "can_rotate_secrets": false, "can_view_traces": false, "daily_request_quota": 0, "dual_control_actions": [], "egress_domains": [], "erase_requires_approval": true, "fallback_mode": "degrade_local", "max_concurrent_requests": 0, "max_export_classification": "internal", "max_input_tokens": 8192, "max_model_risk_tier": "T2", "max_output_tokens": 512, "max_read_classification": "internal", "max_retention_class": "standard", "max_summary_words": 200, "max_tool_calls_per_request": 2, "max_write_classification": "public", "pii_scope": "none", "rate_limit_per_minute": 0, "readable_namespaces": ["analyst-notes"], "require_local_above_classification": "restricted", "residency_strict": false, "runtime_exec": false, "runtime_max_seconds": 0, "runtime_memory_mb": 0, "runtime_network": "none", "session_max_minutes": 0, "skills": ["assistant", "qa-over-docs", "kb-answer"], "token_budget_per_day": 0, "tools": ["kb_search", "vector_recall", "doc_search", "calculator"], "writable_namespaces": [], "write_requires_approval_above": "restricted"}'::jsonb) ON CONFLICT (tenant_id, role_id) DO UPDATE SET team_id=EXCLUDED.team_id, template_id=EXCLUDED.template_id, capabilities=EXCLUDED.capabilities;
INSERT INTO roles(tenant_id, role_id, team_id, template_id, capabilities) VALUES ('tenant-hrops', 'analyst', 'legal', 'analyst', '{"admin_scope": "none", "allowed_model_ids": [], "allowed_model_purposes": ["chat", "embedding"], "allowed_model_regions": ["AC1"], "allowed_providers": [], "allowed_retention_classes": ["standard"], "allowed_runtime_languages": [], "audit_scope": "own", "can_approve": "none", "can_delete_tenant": false, "can_edit_governance": false, "can_erase": false, "can_export": false, "can_impersonate": "none", "can_manage_roles": false, "can_manage_signing_keys": false, "can_manage_teams": false, "can_manage_users": false, "can_register_skills": false, "can_rotate_secrets": false, "can_view_traces": false, "daily_request_quota": 0, "dual_control_actions": [], "egress_domains": ["wikipedia.org", "example.com"], "erase_requires_approval": true, "fallback_mode": "degrade_local", "max_concurrent_requests": 0, "max_export_classification": "internal", "max_input_tokens": 8192, "max_model_risk_tier": "T2", "max_output_tokens": 2048, "max_read_classification": "confidential", "max_retention_class": "standard", "max_summary_words": 200, "max_tool_calls_per_request": 6, "max_write_classification": "internal", "pii_scope": "masked", "rate_limit_per_minute": 0, "readable_namespaces": ["analyst-notes"], "require_local_above_classification": "restricted", "residency_strict": false, "runtime_exec": false, "runtime_max_seconds": 0, "runtime_memory_mb": 0, "runtime_network": "none", "session_max_minutes": 0, "skills": ["assistant", "summarise-with-memory", "research-brief", "qa-over-docs"], "token_budget_per_day": 0, "tools": ["external_lookup", "web_search", "web_fetch", "kb_search", "vector_recall", "doc_search", "calculator", "db_query"], "writable_namespaces": ["analyst-notes"], "write_requires_approval_above": "restricted"}'::jsonb) ON CONFLICT (tenant_id, role_id) DO UPDATE SET team_id=EXCLUDED.team_id, template_id=EXCLUDED.template_id, capabilities=EXCLUDED.capabilities;
INSERT INTO roles(tenant_id, role_id, team_id, template_id, capabilities) VALUES ('tenant-hrops', 'lead', 'legal', 'lead', '{"admin_scope": "none", "allowed_model_ids": [], "allowed_model_purposes": ["chat", "embedding", "code"], "allowed_model_regions": ["AC1"], "allowed_providers": [], "allowed_retention_classes": ["ephemeral", "standard", "long"], "allowed_runtime_languages": ["python"], "audit_scope": "team", "can_approve": "team", "can_delete_tenant": false, "can_edit_governance": false, "can_erase": false, "can_export": true, "can_impersonate": "none", "can_manage_roles": false, "can_manage_signing_keys": false, "can_manage_teams": false, "can_manage_users": false, "can_register_skills": false, "can_rotate_secrets": false, "can_view_traces": false, "daily_request_quota": 0, "dual_control_actions": [], "egress_domains": ["wikipedia.org", "example.com"], "erase_requires_approval": true, "fallback_mode": "degrade_local", "max_concurrent_requests": 0, "max_export_classification": "internal", "max_input_tokens": 8192, "max_model_risk_tier": "T3", "max_output_tokens": 8192, "max_read_classification": "confidential", "max_retention_class": "long", "max_summary_words": 300, "max_tool_calls_per_request": 8, "max_write_classification": "confidential", "pii_scope": "full", "rate_limit_per_minute": 0, "readable_namespaces": ["analyst-notes", "team-decisions"], "require_local_above_classification": "restricted", "residency_strict": false, "runtime_exec": true, "runtime_max_seconds": 60, "runtime_memory_mb": 512, "runtime_network": "none", "session_max_minutes": 0, "skills": ["assistant", "summarise-with-memory", "research-brief", "qa-over-docs", "meeting-notes"], "token_budget_per_day": 0, "tools": ["external_lookup", "web_search", "web_fetch", "kb_search", "vector_recall", "doc_search", "calculator", "db_query", "code_exec", "email_send", "redact"], "writable_namespaces": ["analyst-notes", "team-decisions"], "write_requires_approval_above": "restricted"}'::jsonb) ON CONFLICT (tenant_id, role_id) DO UPDATE SET team_id=EXCLUDED.team_id, template_id=EXCLUDED.template_id, capabilities=EXCLUDED.capabilities;
INSERT INTO roles(tenant_id, role_id, team_id, template_id, capabilities) VALUES ('tenant-hrops', 'tenant-admin', 'legal', 'tenant-admin', '{"admin_scope": "tenant", "allowed_model_ids": [], "allowed_model_purposes": ["chat", "embedding", "code", "vision"], "allowed_model_regions": ["AC1"], "allowed_providers": [], "allowed_retention_classes": ["ephemeral", "standard", "long", "legal-hold"], "allowed_runtime_languages": [], "audit_scope": "tenant", "can_approve": "tenant", "can_delete_tenant": false, "can_edit_governance": true, "can_erase": true, "can_export": true, "can_impersonate": "none", "can_manage_roles": true, "can_manage_signing_keys": false, "can_manage_teams": true, "can_manage_users": true, "can_register_skills": false, "can_rotate_secrets": false, "can_view_traces": false, "daily_request_quota": 0, "dual_control_actions": ["governance.edit"], "egress_domains": [], "erase_requires_approval": true, "fallback_mode": "degrade_local", "max_concurrent_requests": 0, "max_export_classification": "confidential", "max_input_tokens": 8192, "max_model_risk_tier": "T3", "max_output_tokens": 8192, "max_read_classification": "confidential", "max_retention_class": "legal-hold", "max_summary_words": 300, "max_tool_calls_per_request": 4, "max_write_classification": "confidential", "pii_scope": "full", "rate_limit_per_minute": 0, "readable_namespaces": ["analyst-notes", "team-decisions"], "require_local_above_classification": "restricted", "residency_strict": false, "runtime_exec": false, "runtime_max_seconds": 0, "runtime_memory_mb": 0, "runtime_network": "none", "session_max_minutes": 0, "skills": ["assistant", "summarise-with-memory", "research-brief", "qa-over-docs", "meeting-notes", "access-review"], "token_budget_per_day": 0, "tools": ["external_lookup", "web_search", "web_fetch", "kb_search", "vector_recall", "doc_search", "calculator", "db_query", "doc_retrieve", "redact"], "writable_namespaces": ["analyst-notes", "team-decisions"], "write_requires_approval_above": "restricted"}'::jsonb) ON CONFLICT (tenant_id, role_id) DO UPDATE SET team_id=EXCLUDED.team_id, template_id=EXCLUDED.template_id, capabilities=EXCLUDED.capabilities;
INSERT INTO roles(tenant_id, role_id, team_id, template_id, capabilities) VALUES ('tenant-hrops', 'viewer', 'legal', 'viewer', '{"admin_scope": "none", "allowed_model_ids": [], "allowed_model_purposes": ["chat"], "allowed_model_regions": ["AC1"], "allowed_providers": [], "allowed_retention_classes": ["standard"], "allowed_runtime_languages": [], "audit_scope": "own", "can_approve": "none", "can_delete_tenant": false, "can_edit_governance": false, "can_erase": false, "can_export": false, "can_impersonate": "none", "can_manage_roles": false, "can_manage_signing_keys": false, "can_manage_teams": false, "can_manage_users": false, "can_register_skills": false, "can_rotate_secrets": false, "can_view_traces": false, "daily_request_quota": 0, "dual_control_actions": [], "egress_domains": [], "erase_requires_approval": true, "fallback_mode": "degrade_local", "max_concurrent_requests": 0, "max_export_classification": "internal", "max_input_tokens": 8192, "max_model_risk_tier": "T2", "max_output_tokens": 512, "max_read_classification": "internal", "max_retention_class": "standard", "max_summary_words": 200, "max_tool_calls_per_request": 2, "max_write_classification": "public", "pii_scope": "none", "rate_limit_per_minute": 0, "readable_namespaces": ["analyst-notes"], "require_local_above_classification": "restricted", "residency_strict": false, "runtime_exec": false, "runtime_max_seconds": 0, "runtime_memory_mb": 0, "runtime_network": "none", "session_max_minutes": 0, "skills": ["assistant", "qa-over-docs", "kb-answer"], "token_budget_per_day": 0, "tools": ["kb_search", "vector_recall", "doc_search", "calculator"], "writable_namespaces": [], "write_requires_approval_above": "restricted"}'::jsonb) ON CONFLICT (tenant_id, role_id) DO UPDATE SET team_id=EXCLUDED.team_id, template_id=EXCLUDED.template_id, capabilities=EXCLUDED.capabilities;
INSERT INTO roles(tenant_id, role_id, team_id, template_id, capabilities) VALUES ('tenant-it', 'analyst', 'platform', 'analyst', '{"admin_scope": "none", "allowed_model_ids": [], "allowed_model_purposes": ["chat", "embedding"], "allowed_model_regions": ["AC1"], "allowed_providers": [], "allowed_retention_classes": ["standard"], "allowed_runtime_languages": [], "audit_scope": "own", "can_approve": "none", "can_delete_tenant": false, "can_edit_governance": false, "can_erase": false, "can_export": false, "can_impersonate": "none", "can_manage_roles": false, "can_manage_signing_keys": false, "can_manage_teams": false, "can_manage_users": false, "can_register_skills": false, "can_rotate_secrets": false, "can_view_traces": false, "daily_request_quota": 0, "dual_control_actions": [], "egress_domains": ["wikipedia.org", "example.com"], "erase_requires_approval": true, "fallback_mode": "degrade_local", "max_concurrent_requests": 0, "max_export_classification": "internal", "max_input_tokens": 8192, "max_model_risk_tier": "T2", "max_output_tokens": 2048, "max_read_classification": "confidential", "max_retention_class": "standard", "max_summary_words": 200, "max_tool_calls_per_request": 6, "max_write_classification": "internal", "pii_scope": "masked", "rate_limit_per_minute": 0, "readable_namespaces": ["analyst-notes"], "require_local_above_classification": "restricted", "residency_strict": false, "runtime_exec": false, "runtime_max_seconds": 0, "runtime_memory_mb": 0, "runtime_network": "none", "session_max_minutes": 0, "skills": ["assistant", "summarise-with-memory", "research-brief", "qa-over-docs"], "token_budget_per_day": 0, "tools": ["external_lookup", "web_search", "web_fetch", "kb_search", "vector_recall", "doc_search", "calculator", "db_query"], "writable_namespaces": ["analyst-notes"], "write_requires_approval_above": "restricted"}'::jsonb) ON CONFLICT (tenant_id, role_id) DO UPDATE SET team_id=EXCLUDED.team_id, template_id=EXCLUDED.template_id, capabilities=EXCLUDED.capabilities;
INSERT INTO roles(tenant_id, role_id, team_id, template_id, capabilities) VALUES ('tenant-it', 'engineer', 'platform', 'analyst', '{"admin_scope": "none", "allowed_model_ids": [], "allowed_model_purposes": ["chat", "embedding"], "allowed_model_regions": ["AC1"], "allowed_providers": [], "allowed_retention_classes": ["standard"], "allowed_runtime_languages": [], "audit_scope": "own", "can_approve": "none", "can_delete_tenant": false, "can_edit_governance": false, "can_erase": false, "can_export": false, "can_impersonate": "none", "can_manage_roles": false, "can_manage_signing_keys": false, "can_manage_teams": false, "can_manage_users": false, "can_register_skills": false, "can_rotate_secrets": false, "can_view_traces": false, "daily_request_quota": 0, "dual_control_actions": [], "egress_domains": ["wikipedia.org", "example.com"], "erase_requires_approval": true, "fallback_mode": "degrade_local", "max_concurrent_requests": 0, "max_export_classification": "internal", "max_input_tokens": 8192, "max_model_risk_tier": "T2", "max_output_tokens": 2048, "max_read_classification": "confidential", "max_retention_class": "standard", "max_summary_words": 200, "max_tool_calls_per_request": 6, "max_write_classification": "internal", "pii_scope": "masked", "rate_limit_per_minute": 0, "readable_namespaces": ["analyst-notes"], "require_local_above_classification": "restricted", "residency_strict": false, "runtime_exec": false, "runtime_max_seconds": 0, "runtime_memory_mb": 0, "runtime_network": "none", "session_max_minutes": 0, "skills": ["assistant", "summarise-with-memory", "research-brief", "qa-over-docs"], "token_budget_per_day": 0, "tools": ["external_lookup", "web_search", "web_fetch", "kb_search", "vector_recall", "doc_search", "calculator", "db_query"], "writable_namespaces": ["analyst-notes"], "write_requires_approval_above": "restricted"}'::jsonb) ON CONFLICT (tenant_id, role_id) DO UPDATE SET team_id=EXCLUDED.team_id, template_id=EXCLUDED.template_id, capabilities=EXCLUDED.capabilities;
INSERT INTO roles(tenant_id, role_id, team_id, template_id, capabilities) VALUES ('tenant-it', 'lead', 'platform', 'lead', '{"admin_scope": "none", "allowed_model_ids": [], "allowed_model_purposes": ["chat", "embedding", "code"], "allowed_model_regions": ["AC1"], "allowed_providers": [], "allowed_retention_classes": ["ephemeral", "standard", "long"], "allowed_runtime_languages": ["python"], "audit_scope": "team", "can_approve": "team", "can_delete_tenant": false, "can_edit_governance": false, "can_erase": false, "can_export": true, "can_impersonate": "none", "can_manage_roles": false, "can_manage_signing_keys": false, "can_manage_teams": false, "can_manage_users": false, "can_register_skills": false, "can_rotate_secrets": false, "can_view_traces": false, "daily_request_quota": 0, "dual_control_actions": [], "egress_domains": ["wikipedia.org", "example.com"], "erase_requires_approval": true, "fallback_mode": "degrade_local", "max_concurrent_requests": 0, "max_export_classification": "internal", "max_input_tokens": 8192, "max_model_risk_tier": "T3", "max_output_tokens": 8192, "max_read_classification": "confidential", "max_retention_class": "long", "max_summary_words": 300, "max_tool_calls_per_request": 8, "max_write_classification": "confidential", "pii_scope": "full", "rate_limit_per_minute": 0, "readable_namespaces": ["analyst-notes", "team-decisions"], "require_local_above_classification": "restricted", "residency_strict": false, "runtime_exec": true, "runtime_max_seconds": 60, "runtime_memory_mb": 512, "runtime_network": "none", "session_max_minutes": 0, "skills": ["assistant", "summarise-with-memory", "research-brief", "qa-over-docs", "meeting-notes"], "token_budget_per_day": 0, "tools": ["external_lookup", "web_search", "web_fetch", "kb_search", "vector_recall", "doc_search", "calculator", "db_query", "code_exec", "email_send", "redact"], "writable_namespaces": ["analyst-notes", "team-decisions"], "write_requires_approval_above": "restricted"}'::jsonb) ON CONFLICT (tenant_id, role_id) DO UPDATE SET team_id=EXCLUDED.team_id, template_id=EXCLUDED.template_id, capabilities=EXCLUDED.capabilities;
INSERT INTO roles(tenant_id, role_id, team_id, template_id, capabilities) VALUES ('tenant-it', 'platform-admin', 'platform', 'platform-admin', '{"admin_scope": "platform", "allowed_model_ids": [], "allowed_model_purposes": ["chat", "embedding", "code", "vision"], "allowed_model_regions": ["AC1"], "allowed_providers": [], "allowed_retention_classes": ["ephemeral", "standard", "long", "legal-hold"], "allowed_runtime_languages": ["python", "bash"], "audit_scope": "all", "can_approve": "platform", "can_delete_tenant": true, "can_edit_governance": true, "can_erase": true, "can_export": true, "can_impersonate": "read", "can_manage_roles": true, "can_manage_signing_keys": true, "can_manage_teams": true, "can_manage_users": true, "can_register_skills": true, "can_rotate_secrets": true, "can_view_traces": true, "daily_request_quota": 0, "dual_control_actions": ["tenant.delete", "secret.rotate"], "egress_domains": ["*"], "erase_requires_approval": true, "fallback_mode": "degrade_local", "max_concurrent_requests": 0, "max_export_classification": "restricted", "max_input_tokens": 8192, "max_model_risk_tier": "T3", "max_output_tokens": 16384, "max_read_classification": "restricted", "max_retention_class": "legal-hold", "max_summary_words": 400, "max_tool_calls_per_request": 16, "max_write_classification": "restricted", "pii_scope": "full", "rate_limit_per_minute": 0, "readable_namespaces": ["analyst-notes", "team-decisions"], "require_local_above_classification": "restricted", "residency_strict": false, "runtime_exec": true, "runtime_max_seconds": 120, "runtime_memory_mb": 1024, "runtime_network": "none", "session_max_minutes": 0, "skills": ["assistant", "summarise-with-memory", "research-brief", "qa-over-docs", "meeting-notes", "access-review", "incident-summary", "audit-digest", "runbook-exec"], "token_budget_per_day": 0, "tools": ["external_lookup", "web_search", "web_fetch", "kb_search", "vector_recall", "doc_search", "calculator", "db_query", "doc_retrieve", "pdf_extract", "redact", "code_exec", "email_send", "ticket_create", "ticket_update", "crm_lookup", "file_export", "webhook_call"], "writable_namespaces": ["analyst-notes", "team-decisions"], "write_requires_approval_above": "restricted"}'::jsonb) ON CONFLICT (tenant_id, role_id) DO UPDATE SET team_id=EXCLUDED.team_id, template_id=EXCLUDED.template_id, capabilities=EXCLUDED.capabilities;
INSERT INTO roles(tenant_id, role_id, team_id, template_id, capabilities) VALUES ('tenant-it', 'tenant-admin', 'platform', 'tenant-admin', '{"admin_scope": "tenant", "allowed_model_ids": [], "allowed_model_purposes": ["chat", "embedding", "code", "vision"], "allowed_model_regions": ["AC1"], "allowed_providers": [], "allowed_retention_classes": ["ephemeral", "standard", "long", "legal-hold"], "allowed_runtime_languages": [], "audit_scope": "tenant", "can_approve": "tenant", "can_delete_tenant": false, "can_edit_governance": true, "can_erase": true, "can_export": true, "can_impersonate": "none", "can_manage_roles": true, "can_manage_signing_keys": false, "can_manage_teams": true, "can_manage_users": true, "can_register_skills": false, "can_rotate_secrets": false, "can_view_traces": false, "daily_request_quota": 0, "dual_control_actions": ["governance.edit"], "egress_domains": [], "erase_requires_approval": true, "fallback_mode": "degrade_local", "max_concurrent_requests": 0, "max_export_classification": "confidential", "max_input_tokens": 8192, "max_model_risk_tier": "T3", "max_output_tokens": 8192, "max_read_classification": "confidential", "max_retention_class": "legal-hold", "max_summary_words": 300, "max_tool_calls_per_request": 4, "max_write_classification": "confidential", "pii_scope": "full", "rate_limit_per_minute": 0, "readable_namespaces": ["analyst-notes", "team-decisions"], "require_local_above_classification": "restricted", "residency_strict": false, "runtime_exec": false, "runtime_max_seconds": 0, "runtime_memory_mb": 0, "runtime_network": "none", "session_max_minutes": 0, "skills": ["assistant", "summarise-with-memory", "research-brief", "qa-over-docs", "meeting-notes", "access-review"], "token_budget_per_day": 0, "tools": ["external_lookup", "web_search", "web_fetch", "kb_search", "vector_recall", "doc_search", "calculator", "db_query", "doc_retrieve", "redact"], "writable_namespaces": ["analyst-notes", "team-decisions"], "write_requires_approval_above": "restricted"}'::jsonb) ON CONFLICT (tenant_id, role_id) DO UPDATE SET team_id=EXCLUDED.team_id, template_id=EXCLUDED.template_id, capabilities=EXCLUDED.capabilities;
INSERT INTO roles(tenant_id, role_id, team_id, template_id, capabilities) VALUES ('tenant-it', 'viewer', 'platform', 'viewer', '{"admin_scope": "none", "allowed_model_ids": [], "allowed_model_purposes": ["chat"], "allowed_model_regions": ["AC1"], "allowed_providers": [], "allowed_retention_classes": ["standard"], "allowed_runtime_languages": [], "audit_scope": "own", "can_approve": "none", "can_delete_tenant": false, "can_edit_governance": false, "can_erase": false, "can_export": false, "can_impersonate": "none", "can_manage_roles": false, "can_manage_signing_keys": false, "can_manage_teams": false, "can_manage_users": false, "can_register_skills": false, "can_rotate_secrets": false, "can_view_traces": false, "daily_request_quota": 0, "dual_control_actions": [], "egress_domains": [], "erase_requires_approval": true, "fallback_mode": "degrade_local", "max_concurrent_requests": 0, "max_export_classification": "internal", "max_input_tokens": 8192, "max_model_risk_tier": "T2", "max_output_tokens": 512, "max_read_classification": "internal", "max_retention_class": "standard", "max_summary_words": 200, "max_tool_calls_per_request": 2, "max_write_classification": "public", "pii_scope": "none", "rate_limit_per_minute": 0, "readable_namespaces": ["analyst-notes"], "require_local_above_classification": "restricted", "residency_strict": false, "runtime_exec": false, "runtime_max_seconds": 0, "runtime_memory_mb": 0, "runtime_network": "none", "session_max_minutes": 0, "skills": ["assistant", "qa-over-docs", "kb-answer"], "token_budget_per_day": 0, "tools": ["kb_search", "vector_recall", "doc_search", "calculator"], "writable_namespaces": [], "write_requires_approval_above": "restricted"}'::jsonb) ON CONFLICT (tenant_id, role_id) DO UPDATE SET team_id=EXCLUDED.team_id, template_id=EXCLUDED.template_id, capabilities=EXCLUDED.capabilities;
INSERT INTO roles(tenant_id, role_id, team_id, template_id, capabilities) VALUES ('tenant-legalco', 'analyst', 'hr', 'analyst', '{"admin_scope": "none", "allowed_model_ids": [], "allowed_model_purposes": ["chat", "embedding"], "allowed_model_regions": ["AC1"], "allowed_providers": [], "allowed_retention_classes": ["standard"], "allowed_runtime_languages": [], "audit_scope": "own", "can_approve": "none", "can_delete_tenant": false, "can_edit_governance": false, "can_erase": false, "can_export": false, "can_impersonate": "none", "can_manage_roles": false, "can_manage_signing_keys": false, "can_manage_teams": false, "can_manage_users": false, "can_register_skills": false, "can_rotate_secrets": false, "can_view_traces": false, "daily_request_quota": 0, "dual_control_actions": [], "egress_domains": ["wikipedia.org", "example.com"], "erase_requires_approval": true, "fallback_mode": "degrade_local", "max_concurrent_requests": 0, "max_export_classification": "internal", "max_input_tokens": 8192, "max_model_risk_tier": "T2", "max_output_tokens": 2048, "max_read_classification": "confidential", "max_retention_class": "standard", "max_summary_words": 200, "max_tool_calls_per_request": 6, "max_write_classification": "internal", "pii_scope": "masked", "rate_limit_per_minute": 0, "readable_namespaces": ["analyst-notes"], "require_local_above_classification": "restricted", "residency_strict": false, "runtime_exec": false, "runtime_max_seconds": 0, "runtime_memory_mb": 0, "runtime_network": "none", "session_max_minutes": 0, "skills": ["assistant", "summarise-with-memory", "research-brief", "qa-over-docs"], "token_budget_per_day": 0, "tools": ["external_lookup", "web_search", "web_fetch", "kb_search", "vector_recall", "doc_search", "calculator", "db_query"], "writable_namespaces": ["analyst-notes"], "write_requires_approval_above": "restricted"}'::jsonb) ON CONFLICT (tenant_id, role_id) DO UPDATE SET team_id=EXCLUDED.team_id, template_id=EXCLUDED.template_id, capabilities=EXCLUDED.capabilities;
INSERT INTO roles(tenant_id, role_id, team_id, template_id, capabilities) VALUES ('tenant-legalco', 'lead', 'hr', 'lead', '{"admin_scope": "none", "allowed_model_ids": [], "allowed_model_purposes": ["chat", "embedding", "code"], "allowed_model_regions": ["AC1"], "allowed_providers": [], "allowed_retention_classes": ["ephemeral", "standard", "long"], "allowed_runtime_languages": ["python"], "audit_scope": "team", "can_approve": "team", "can_delete_tenant": false, "can_edit_governance": false, "can_erase": false, "can_export": true, "can_impersonate": "none", "can_manage_roles": false, "can_manage_signing_keys": false, "can_manage_teams": false, "can_manage_users": false, "can_register_skills": false, "can_rotate_secrets": false, "can_view_traces": false, "daily_request_quota": 0, "dual_control_actions": [], "egress_domains": ["wikipedia.org", "example.com"], "erase_requires_approval": true, "fallback_mode": "degrade_local", "max_concurrent_requests": 0, "max_export_classification": "internal", "max_input_tokens": 8192, "max_model_risk_tier": "T3", "max_output_tokens": 8192, "max_read_classification": "confidential", "max_retention_class": "long", "max_summary_words": 300, "max_tool_calls_per_request": 8, "max_write_classification": "confidential", "pii_scope": "full", "rate_limit_per_minute": 0, "readable_namespaces": ["analyst-notes", "team-decisions"], "require_local_above_classification": "restricted", "residency_strict": false, "runtime_exec": true, "runtime_max_seconds": 60, "runtime_memory_mb": 512, "runtime_network": "none", "session_max_minutes": 0, "skills": ["assistant", "summarise-with-memory", "research-brief", "qa-over-docs", "meeting-notes"], "token_budget_per_day": 0, "tools": ["external_lookup", "web_search", "web_fetch", "kb_search", "vector_recall", "doc_search", "calculator", "db_query", "code_exec", "email_send", "redact"], "writable_namespaces": ["analyst-notes", "team-decisions"], "write_requires_approval_above": "restricted"}'::jsonb) ON CONFLICT (tenant_id, role_id) DO UPDATE SET team_id=EXCLUDED.team_id, template_id=EXCLUDED.template_id, capabilities=EXCLUDED.capabilities;
INSERT INTO roles(tenant_id, role_id, team_id, template_id, capabilities) VALUES ('tenant-legalco', 'tenant-admin', 'hr', 'tenant-admin', '{"admin_scope": "tenant", "allowed_model_ids": [], "allowed_model_purposes": ["chat", "embedding", "code", "vision"], "allowed_model_regions": ["AC1"], "allowed_providers": [], "allowed_retention_classes": ["ephemeral", "standard", "long", "legal-hold"], "allowed_runtime_languages": [], "audit_scope": "tenant", "can_approve": "tenant", "can_delete_tenant": false, "can_edit_governance": true, "can_erase": true, "can_export": true, "can_impersonate": "none", "can_manage_roles": true, "can_manage_signing_keys": false, "can_manage_teams": true, "can_manage_users": true, "can_register_skills": false, "can_rotate_secrets": false, "can_view_traces": false, "daily_request_quota": 0, "dual_control_actions": ["governance.edit"], "egress_domains": [], "erase_requires_approval": true, "fallback_mode": "degrade_local", "max_concurrent_requests": 0, "max_export_classification": "confidential", "max_input_tokens": 8192, "max_model_risk_tier": "T3", "max_output_tokens": 8192, "max_read_classification": "confidential", "max_retention_class": "legal-hold", "max_summary_words": 300, "max_tool_calls_per_request": 4, "max_write_classification": "confidential", "pii_scope": "full", "rate_limit_per_minute": 0, "readable_namespaces": ["analyst-notes", "team-decisions"], "require_local_above_classification": "restricted", "residency_strict": false, "runtime_exec": false, "runtime_max_seconds": 0, "runtime_memory_mb": 0, "runtime_network": "none", "session_max_minutes": 0, "skills": ["assistant", "summarise-with-memory", "research-brief", "qa-over-docs", "meeting-notes", "access-review"], "token_budget_per_day": 0, "tools": ["external_lookup", "web_search", "web_fetch", "kb_search", "vector_recall", "doc_search", "calculator", "db_query", "doc_retrieve", "redact"], "writable_namespaces": ["analyst-notes", "team-decisions"], "write_requires_approval_above": "restricted"}'::jsonb) ON CONFLICT (tenant_id, role_id) DO UPDATE SET team_id=EXCLUDED.team_id, template_id=EXCLUDED.template_id, capabilities=EXCLUDED.capabilities;
INSERT INTO roles(tenant_id, role_id, team_id, template_id, capabilities) VALUES ('tenant-legalco', 'viewer', 'hr', 'viewer', '{"admin_scope": "none", "allowed_model_ids": [], "allowed_model_purposes": ["chat"], "allowed_model_regions": ["AC1"], "allowed_providers": [], "allowed_retention_classes": ["standard"], "allowed_runtime_languages": [], "audit_scope": "own", "can_approve": "none", "can_delete_tenant": false, "can_edit_governance": false, "can_erase": false, "can_export": false, "can_impersonate": "none", "can_manage_roles": false, "can_manage_signing_keys": false, "can_manage_teams": false, "can_manage_users": false, "can_register_skills": false, "can_rotate_secrets": false, "can_view_traces": false, "daily_request_quota": 0, "dual_control_actions": [], "egress_domains": [], "erase_requires_approval": true, "fallback_mode": "degrade_local", "max_concurrent_requests": 0, "max_export_classification": "internal", "max_input_tokens": 8192, "max_model_risk_tier": "T2", "max_output_tokens": 512, "max_read_classification": "internal", "max_retention_class": "standard", "max_summary_words": 200, "max_tool_calls_per_request": 2, "max_write_classification": "public", "pii_scope": "none", "rate_limit_per_minute": 0, "readable_namespaces": ["analyst-notes"], "require_local_above_classification": "restricted", "residency_strict": false, "runtime_exec": false, "runtime_max_seconds": 0, "runtime_memory_mb": 0, "runtime_network": "none", "session_max_minutes": 0, "skills": ["assistant", "qa-over-docs", "kb-answer"], "token_budget_per_day": 0, "tools": ["kb_search", "vector_recall", "doc_search", "calculator"], "writable_namespaces": [], "write_requires_approval_above": "restricted"}'::jsonb) ON CONFLICT (tenant_id, role_id) DO UPDATE SET team_id=EXCLUDED.team_id, template_id=EXCLUDED.template_id, capabilities=EXCLUDED.capabilities;
INSERT INTO roles(tenant_id, role_id, team_id, template_id, capabilities) VALUES ('tenant-saleseu', 'analyst', 'sales', 'analyst', '{"admin_scope": "none", "allowed_model_ids": [], "allowed_model_purposes": ["chat", "embedding"], "allowed_model_regions": ["AC1"], "allowed_providers": [], "allowed_retention_classes": ["standard"], "allowed_runtime_languages": [], "audit_scope": "own", "can_approve": "none", "can_delete_tenant": false, "can_edit_governance": false, "can_erase": false, "can_export": false, "can_impersonate": "none", "can_manage_roles": false, "can_manage_signing_keys": false, "can_manage_teams": false, "can_manage_users": false, "can_register_skills": false, "can_rotate_secrets": false, "can_view_traces": false, "daily_request_quota": 0, "dual_control_actions": [], "egress_domains": ["wikipedia.org", "example.com"], "erase_requires_approval": true, "fallback_mode": "degrade_local", "max_concurrent_requests": 0, "max_export_classification": "internal", "max_input_tokens": 8192, "max_model_risk_tier": "T2", "max_output_tokens": 2048, "max_read_classification": "confidential", "max_retention_class": "standard", "max_summary_words": 200, "max_tool_calls_per_request": 6, "max_write_classification": "internal", "pii_scope": "masked", "rate_limit_per_minute": 0, "readable_namespaces": ["analyst-notes"], "require_local_above_classification": "restricted", "residency_strict": false, "runtime_exec": false, "runtime_max_seconds": 0, "runtime_memory_mb": 0, "runtime_network": "none", "session_max_minutes": 0, "skills": ["assistant", "summarise-with-memory", "research-brief", "qa-over-docs"], "token_budget_per_day": 0, "tools": ["external_lookup", "web_search", "web_fetch", "kb_search", "vector_recall", "doc_search", "calculator", "db_query"], "writable_namespaces": ["analyst-notes"], "write_requires_approval_above": "restricted"}'::jsonb) ON CONFLICT (tenant_id, role_id) DO UPDATE SET team_id=EXCLUDED.team_id, template_id=EXCLUDED.template_id, capabilities=EXCLUDED.capabilities;
INSERT INTO roles(tenant_id, role_id, team_id, template_id, capabilities) VALUES ('tenant-saleseu', 'lead', 'sales', 'lead', '{"admin_scope": "none", "allowed_model_ids": [], "allowed_model_purposes": ["chat", "embedding", "code"], "allowed_model_regions": ["AC1"], "allowed_providers": [], "allowed_retention_classes": ["ephemeral", "standard", "long"], "allowed_runtime_languages": ["python"], "audit_scope": "team", "can_approve": "team", "can_delete_tenant": false, "can_edit_governance": false, "can_erase": false, "can_export": true, "can_impersonate": "none", "can_manage_roles": false, "can_manage_signing_keys": false, "can_manage_teams": false, "can_manage_users": false, "can_register_skills": false, "can_rotate_secrets": false, "can_view_traces": false, "daily_request_quota": 0, "dual_control_actions": [], "egress_domains": ["wikipedia.org", "example.com"], "erase_requires_approval": true, "fallback_mode": "degrade_local", "max_concurrent_requests": 0, "max_export_classification": "internal", "max_input_tokens": 8192, "max_model_risk_tier": "T3", "max_output_tokens": 8192, "max_read_classification": "confidential", "max_retention_class": "long", "max_summary_words": 300, "max_tool_calls_per_request": 8, "max_write_classification": "confidential", "pii_scope": "full", "rate_limit_per_minute": 0, "readable_namespaces": ["analyst-notes", "team-decisions"], "require_local_above_classification": "restricted", "residency_strict": false, "runtime_exec": true, "runtime_max_seconds": 60, "runtime_memory_mb": 512, "runtime_network": "none", "session_max_minutes": 0, "skills": ["assistant", "summarise-with-memory", "research-brief", "qa-over-docs", "meeting-notes"], "token_budget_per_day": 0, "tools": ["external_lookup", "web_search", "web_fetch", "kb_search", "vector_recall", "doc_search", "calculator", "db_query", "code_exec", "email_send", "redact"], "writable_namespaces": ["analyst-notes", "team-decisions"], "write_requires_approval_above": "restricted"}'::jsonb) ON CONFLICT (tenant_id, role_id) DO UPDATE SET team_id=EXCLUDED.team_id, template_id=EXCLUDED.template_id, capabilities=EXCLUDED.capabilities;
INSERT INTO roles(tenant_id, role_id, team_id, template_id, capabilities) VALUES ('tenant-saleseu', 'tenant-admin', 'sales', 'tenant-admin', '{"admin_scope": "tenant", "allowed_model_ids": [], "allowed_model_purposes": ["chat", "embedding", "code", "vision"], "allowed_model_regions": ["AC1"], "allowed_providers": [], "allowed_retention_classes": ["ephemeral", "standard", "long", "legal-hold"], "allowed_runtime_languages": [], "audit_scope": "tenant", "can_approve": "tenant", "can_delete_tenant": false, "can_edit_governance": true, "can_erase": true, "can_export": true, "can_impersonate": "none", "can_manage_roles": true, "can_manage_signing_keys": false, "can_manage_teams": true, "can_manage_users": true, "can_register_skills": false, "can_rotate_secrets": false, "can_view_traces": false, "daily_request_quota": 0, "dual_control_actions": ["governance.edit"], "egress_domains": [], "erase_requires_approval": true, "fallback_mode": "degrade_local", "max_concurrent_requests": 0, "max_export_classification": "confidential", "max_input_tokens": 8192, "max_model_risk_tier": "T3", "max_output_tokens": 8192, "max_read_classification": "confidential", "max_retention_class": "legal-hold", "max_summary_words": 300, "max_tool_calls_per_request": 4, "max_write_classification": "confidential", "pii_scope": "full", "rate_limit_per_minute": 0, "readable_namespaces": ["analyst-notes", "team-decisions"], "require_local_above_classification": "restricted", "residency_strict": false, "runtime_exec": false, "runtime_max_seconds": 0, "runtime_memory_mb": 0, "runtime_network": "none", "session_max_minutes": 0, "skills": ["assistant", "summarise-with-memory", "research-brief", "qa-over-docs", "meeting-notes", "access-review"], "token_budget_per_day": 0, "tools": ["external_lookup", "web_search", "web_fetch", "kb_search", "vector_recall", "doc_search", "calculator", "db_query", "doc_retrieve", "redact"], "writable_namespaces": ["analyst-notes", "team-decisions"], "write_requires_approval_above": "restricted"}'::jsonb) ON CONFLICT (tenant_id, role_id) DO UPDATE SET team_id=EXCLUDED.team_id, template_id=EXCLUDED.template_id, capabilities=EXCLUDED.capabilities;
INSERT INTO roles(tenant_id, role_id, team_id, template_id, capabilities) VALUES ('tenant-saleseu', 'viewer', 'sales', 'viewer', '{"admin_scope": "none", "allowed_model_ids": [], "allowed_model_purposes": ["chat"], "allowed_model_regions": ["AC1"], "allowed_providers": [], "allowed_retention_classes": ["standard"], "allowed_runtime_languages": [], "audit_scope": "own", "can_approve": "none", "can_delete_tenant": false, "can_edit_governance": false, "can_erase": false, "can_export": false, "can_impersonate": "none", "can_manage_roles": false, "can_manage_signing_keys": false, "can_manage_teams": false, "can_manage_users": false, "can_register_skills": false, "can_rotate_secrets": false, "can_view_traces": false, "daily_request_quota": 0, "dual_control_actions": [], "egress_domains": [], "erase_requires_approval": true, "fallback_mode": "degrade_local", "max_concurrent_requests": 0, "max_export_classification": "internal", "max_input_tokens": 8192, "max_model_risk_tier": "T2", "max_output_tokens": 512, "max_read_classification": "internal", "max_retention_class": "standard", "max_summary_words": 200, "max_tool_calls_per_request": 2, "max_write_classification": "public", "pii_scope": "none", "rate_limit_per_minute": 0, "readable_namespaces": ["analyst-notes"], "require_local_above_classification": "restricted", "residency_strict": false, "runtime_exec": false, "runtime_max_seconds": 0, "runtime_memory_mb": 0, "runtime_network": "none", "session_max_minutes": 0, "skills": ["assistant", "qa-over-docs", "kb-answer"], "token_budget_per_day": 0, "tools": ["kb_search", "vector_recall", "doc_search", "calculator"], "writable_namespaces": [], "write_requires_approval_above": "restricted"}'::jsonb) ON CONFLICT (tenant_id, role_id) DO UPDATE SET team_id=EXCLUDED.team_id, template_id=EXCLUDED.template_id, capabilities=EXCLUDED.capabilities;
INSERT INTO values_rules(tenant_id, scope_type, scope_id, version, rules) VALUES ('tenant-it', 'org', 'org', 'tenant-it-org-v1', '{"allowed_model_region": "AC1", "max_output_tokens": 8192, "max_read_classification": "restricted", "max_summary_words": 800, "residency_strict": false, "token_budget_per_day": 500000, "version": "tenant-it-org-v1", "write_requires_approval_above": "restricted"}'::jsonb) ON CONFLICT (tenant_id, scope_type, scope_id, version) DO UPDATE SET rules=EXCLUDED.rules;
INSERT INTO user_assignments(user_email, tenant_id, team_id, role_id) SELECT 'jane@acmecp.example', 'tenant-acmecp', 'research', 'analyst' WHERE NOT EXISTS (SELECT 1 FROM user_assignments WHERE lower(user_email)=lower('jane@acmecp.example') AND tenant_id='tenant-acmecp');
INSERT INTO user_assignments(user_email, tenant_id, team_id, role_id) SELECT 'kim@acmecp.example', 'tenant-acmecp', 'research', 'lead' WHERE NOT EXISTS (SELECT 1 FROM user_assignments WHERE lower(user_email)=lower('kim@acmecp.example') AND tenant_id='tenant-acmecp');
INSERT INTO user_assignments(user_email, tenant_id, team_id, role_id) SELECT 'pat@acmecp.example', 'tenant-acmecp', 'research', 'tenant-admin' WHERE NOT EXISTS (SELECT 1 FROM user_assignments WHERE lower(user_email)=lower('pat@acmecp.example') AND tenant_id='tenant-acmecp');
INSERT INTO user_assignments(user_email, tenant_id, team_id, role_id) SELECT 'jane@betago.example', 'tenant-betago', 'hr', 'analyst' WHERE NOT EXISTS (SELECT 1 FROM user_assignments WHERE lower(user_email)=lower('jane@betago.example') AND tenant_id='tenant-betago');
INSERT INTO user_assignments(user_email, tenant_id, team_id, role_id) SELECT 'kim@betago.example', 'tenant-betago', 'hr', 'lead' WHERE NOT EXISTS (SELECT 1 FROM user_assignments WHERE lower(user_email)=lower('kim@betago.example') AND tenant_id='tenant-betago');
INSERT INTO user_assignments(user_email, tenant_id, team_id, role_id) SELECT 'pat@betago.example', 'tenant-betago', 'hr', 'tenant-admin' WHERE NOT EXISTS (SELECT 1 FROM user_assignments WHERE lower(user_email)=lower('pat@betago.example') AND tenant_id='tenant-betago');
INSERT INTO user_assignments(user_email, tenant_id, team_id, role_id) SELECT 'jane@engcore.example', 'tenant-engcore', 'operations', 'analyst' WHERE NOT EXISTS (SELECT 1 FROM user_assignments WHERE lower(user_email)=lower('jane@engcore.example') AND tenant_id='tenant-engcore');
INSERT INTO user_assignments(user_email, tenant_id, team_id, role_id) SELECT 'kim@engcore.example', 'tenant-engcore', 'operations', 'lead' WHERE NOT EXISTS (SELECT 1 FROM user_assignments WHERE lower(user_email)=lower('kim@engcore.example') AND tenant_id='tenant-engcore');
INSERT INTO user_assignments(user_email, tenant_id, team_id, role_id) SELECT 'pat@engcore.example', 'tenant-engcore', 'operations', 'tenant-admin' WHERE NOT EXISTS (SELECT 1 FROM user_assignments WHERE lower(user_email)=lower('pat@engcore.example') AND tenant_id='tenant-engcore');
INSERT INTO user_assignments(user_email, tenant_id, team_id, role_id) SELECT 'jane@finsvc.example', 'tenant-finsvc', 'legal', 'analyst' WHERE NOT EXISTS (SELECT 1 FROM user_assignments WHERE lower(user_email)=lower('jane@finsvc.example') AND tenant_id='tenant-finsvc');
INSERT INTO user_assignments(user_email, tenant_id, team_id, role_id) SELECT 'kim@finsvc.example', 'tenant-finsvc', 'legal', 'lead' WHERE NOT EXISTS (SELECT 1 FROM user_assignments WHERE lower(user_email)=lower('kim@finsvc.example') AND tenant_id='tenant-finsvc');
INSERT INTO user_assignments(user_email, tenant_id, team_id, role_id) SELECT 'pat@finsvc.example', 'tenant-finsvc', 'legal', 'tenant-admin' WHERE NOT EXISTS (SELECT 1 FROM user_assignments WHERE lower(user_email)=lower('pat@finsvc.example') AND tenant_id='tenant-finsvc');
INSERT INTO user_assignments(user_email, tenant_id, team_id, role_id) SELECT 'jane@gammac.example', 'tenant-gammac', 'finance', 'analyst' WHERE NOT EXISTS (SELECT 1 FROM user_assignments WHERE lower(user_email)=lower('jane@gammac.example') AND tenant_id='tenant-gammac');
INSERT INTO user_assignments(user_email, tenant_id, team_id, role_id) SELECT 'kim@gammac.example', 'tenant-gammac', 'finance', 'lead' WHERE NOT EXISTS (SELECT 1 FROM user_assignments WHERE lower(user_email)=lower('kim@gammac.example') AND tenant_id='tenant-gammac');
INSERT INTO user_assignments(user_email, tenant_id, team_id, role_id) SELECT 'pat@gammac.example', 'tenant-gammac', 'finance', 'tenant-admin' WHERE NOT EXISTS (SELECT 1 FROM user_assignments WHERE lower(user_email)=lower('pat@gammac.example') AND tenant_id='tenant-gammac');
INSERT INTO user_assignments(user_email, tenant_id, team_id, role_id) SELECT 'jane@hrops.example', 'tenant-hrops', 'legal', 'analyst' WHERE NOT EXISTS (SELECT 1 FROM user_assignments WHERE lower(user_email)=lower('jane@hrops.example') AND tenant_id='tenant-hrops');
INSERT INTO user_assignments(user_email, tenant_id, team_id, role_id) SELECT 'kim@hrops.example', 'tenant-hrops', 'legal', 'lead' WHERE NOT EXISTS (SELECT 1 FROM user_assignments WHERE lower(user_email)=lower('kim@hrops.example') AND tenant_id='tenant-hrops');
INSERT INTO user_assignments(user_email, tenant_id, team_id, role_id) SELECT 'pat@hrops.example', 'tenant-hrops', 'legal', 'tenant-admin' WHERE NOT EXISTS (SELECT 1 FROM user_assignments WHERE lower(user_email)=lower('pat@hrops.example') AND tenant_id='tenant-hrops');
INSERT INTO user_assignments(user_email, tenant_id, team_id, role_id) SELECT 'alex@it.example', 'tenant-it', 'infrastructure', 'engineer' WHERE NOT EXISTS (SELECT 1 FROM user_assignments WHERE lower(user_email)=lower('alex@it.example') AND tenant_id='tenant-it');
INSERT INTO user_assignments(user_email, tenant_id, team_id, role_id) SELECT 'drew@it.example', 'tenant-it', 'infrastructure', 'viewer' WHERE NOT EXISTS (SELECT 1 FROM user_assignments WHERE lower(user_email)=lower('drew@it.example') AND tenant_id='tenant-it');
INSERT INTO user_assignments(user_email, tenant_id, team_id, role_id) SELECT 'priya@it.example', 'tenant-it', 'platform', 'platform-admin' WHERE NOT EXISTS (SELECT 1 FROM user_assignments WHERE lower(user_email)=lower('priya@it.example') AND tenant_id='tenant-it');
INSERT INTO user_assignments(user_email, tenant_id, team_id, role_id) SELECT 'riley@it.example', 'tenant-it', 'security', 'tenant-admin' WHERE NOT EXISTS (SELECT 1 FROM user_assignments WHERE lower(user_email)=lower('riley@it.example') AND tenant_id='tenant-it');
INSERT INTO user_assignments(user_email, tenant_id, team_id, role_id) SELECT 'sam@it.example', 'tenant-it', 'platform', 'analyst' WHERE NOT EXISTS (SELECT 1 FROM user_assignments WHERE lower(user_email)=lower('sam@it.example') AND tenant_id='tenant-it');
INSERT INTO user_assignments(user_email, tenant_id, team_id, role_id) SELECT 'taylor@it.example', 'tenant-it', 'platform', 'lead' WHERE NOT EXISTS (SELECT 1 FROM user_assignments WHERE lower(user_email)=lower('taylor@it.example') AND tenant_id='tenant-it');
INSERT INTO user_assignments(user_email, tenant_id, team_id, role_id) SELECT 'jane@legalco.example', 'tenant-legalco', 'hr', 'analyst' WHERE NOT EXISTS (SELECT 1 FROM user_assignments WHERE lower(user_email)=lower('jane@legalco.example') AND tenant_id='tenant-legalco');
INSERT INTO user_assignments(user_email, tenant_id, team_id, role_id) SELECT 'kim@legalco.example', 'tenant-legalco', 'hr', 'lead' WHERE NOT EXISTS (SELECT 1 FROM user_assignments WHERE lower(user_email)=lower('kim@legalco.example') AND tenant_id='tenant-legalco');
INSERT INTO user_assignments(user_email, tenant_id, team_id, role_id) SELECT 'pat@legalco.example', 'tenant-legalco', 'hr', 'tenant-admin' WHERE NOT EXISTS (SELECT 1 FROM user_assignments WHERE lower(user_email)=lower('pat@legalco.example') AND tenant_id='tenant-legalco');
INSERT INTO user_assignments(user_email, tenant_id, team_id, role_id) SELECT 'jane@saleseu.example', 'tenant-saleseu', 'sales', 'analyst' WHERE NOT EXISTS (SELECT 1 FROM user_assignments WHERE lower(user_email)=lower('jane@saleseu.example') AND tenant_id='tenant-saleseu');
INSERT INTO user_assignments(user_email, tenant_id, team_id, role_id) SELECT 'kim@saleseu.example', 'tenant-saleseu', 'sales', 'lead' WHERE NOT EXISTS (SELECT 1 FROM user_assignments WHERE lower(user_email)=lower('kim@saleseu.example') AND tenant_id='tenant-saleseu');
INSERT INTO user_assignments(user_email, tenant_id, team_id, role_id) SELECT 'pat@saleseu.example', 'tenant-saleseu', 'sales', 'tenant-admin' WHERE NOT EXISTS (SELECT 1 FROM user_assignments WHERE lower(user_email)=lower('pat@saleseu.example') AND tenant_id='tenant-saleseu');
COMMIT;
